Employee ID,Image URL
1001,https://randomuser.me/api/portraits/women/78.jpg
1002,https://randomuser.me/api/portraits/women/56.jpg
1003,https://randomuser.me/api/portraits/men/75.jpg
1004,https://randomuser.me/api/portraits/women/78.jpg
1005,https://randomuser.me/api/portraits/women/4.jpg
1006,https://randomuser.me/api/portraits/men/30.jpg
1007,https://randomuser.me/api/portraits/women/11.jpg
1008,https://randomuser.me/api/portraits/women/54.jpg
1009,https://randomuser.me/api/portraits/women/17.jpg
1010,https://randomuser.me/api/portraits/women/82.jpg
1011,https://randomuser.me/api/portraits/men/27.jpg
1012,https://randomuser.me/api/portraits/men/45.jpg
1013,https://randomuser.me/api/portraits/women/59.jpg
1014,https://randomuser.me/api/portraits/women/92.jpg
1015,https://randomuser.me/api/portraits/women/17.jpg
1016,https://randomuser.me/api/portraits/women/75.jpg
1017,https://randomuser.me/api/portraits/men/44.jpg
1018,https://randomuser.me/api/portraits/men/44.jpg
1019,https://randomuser.me/api/portraits/men/34.jpg
1020,https://randomuser.me/api/portraits/women/9.jpg
1021,https://randomuser.me/api/portraits/women/25.jpg
1022,https://randomuser.me/api/portraits/men/83.jpg
1023,https://randomuser.me/api/portraits/men/10.jpg
1024,https://randomuser.me/api/portraits/women/9.jpg
1025,https://randomuser.me/api/portraits/women/57.jpg
1026,https://randomuser.me/api/portraits/men/98.jpg
1027,https://randomuser.me/api/portraits/men/22.jpg
1028,https://randomuser.me/api/portraits/men/33.jpg
1029,https://randomuser.me/api/portraits/women/13.jpg
1030,https://randomuser.me/api/portraits/men/2.jpg
1031,https://randomuser.me/api/portraits/women/43.jpg
1032,https://randomuser.me/api/portraits/men/41.jpg
1033,https://randomuser.me/api/portraits/women/48.jpg
1034,https://randomuser.me/api/portraits/women/45.jpg
1035,https://randomuser.me/api/portraits/women/42.jpg
1036,https://randomuser.me/api/portraits/men/61.jpg
1037,https://randomuser.me/api/portraits/men/67.jpg
1038,https://randomuser.me/api/portraits/women/46.jpg
1039,https://randomuser.me/api/portraits/women/78.jpg
1040,https://randomuser.me/api/portraits/men/49.jpg
1041,https://randomuser.me/api/portraits/men/60.jpg
1042,https://randomuser.me/api/portraits/women/12.jpg
1043,https://randomuser.me/api/portraits/men/34.jpg
1044,https://randomuser.me/api/portraits/women/54.jpg
1045,https://randomuser.me/api/portraits/women/3.jpg
1046,https://randomuser.me/api/portraits/women/87.jpg
1047,https://randomuser.me/api/portraits/men/60.jpg
1048,https://randomuser.me/api/portraits/women/2.jpg
1049,https://randomuser.me/api/portraits/men/32.jpg
1050,https://randomuser.me/api/portraits/men/63.jpg
1051,https://randomuser.me/api/portraits/men/85.jpg
1052,https://randomuser.me/api/portraits/men/53.jpg
1053,https://randomuser.me/api/portraits/women/71.jpg
1054,https://randomuser.me/api/portraits/men/24.jpg
1055,https://randomuser.me/api/portraits/women/56.jpg
1056,https://randomuser.me/api/portraits/women/17.jpg
1057,https://randomuser.me/api/portraits/women/14.jpg
1058,https://randomuser.me/api/portraits/men/53.jpg
1059,https://randomuser.me/api/portraits/women/63.jpg
1060,https://randomuser.me/api/portraits/men/16.jpg
1061,https://randomuser.me/api/portraits/women/22.jpg
1062,https://randomuser.me/api/portraits/women/41.jpg
1063,https://randomuser.me/api/portraits/men/24.jpg
1064,https://randomuser.me/api/portraits/women/52.jpg
1065,https://randomuser.me/api/portraits/women/12.jpg
1066,https://randomuser.me/api/portraits/men/39.jpg
1067,https://randomuser.me/api/portraits/women/67.jpg
1068,https://randomuser.me/api/portraits/women/57.jpg
1069,https://randomuser.me/api/portraits/women/88.jpg
1070,https://randomuser.me/api/portraits/women/65.jpg
1071,https://randomuser.me/api/portraits/women/41.jpg
1072,https://randomuser.me/api/portraits/men/99.jpg
1073,https://randomuser.me/api/portraits/women/32.jpg
1074,https://randomuser.me/api/portraits/men/73.jpg
1075,https://randomuser.me/api/portraits/women/78.jpg
1076,https://randomuser.me/api/portraits/women/1.jpg
1077,https://randomuser.me/api/portraits/women/48.jpg
1078,https://randomuser.me/api/portraits/women/37.jpg
1079,https://randomuser.me/api/portraits/women/45.jpg
1080,https://randomuser.me/api/portraits/women/23.jpg
1081,https://randomuser.me/api/portraits/men/93.jpg
1082,https://randomuser.me/api/portraits/men/89.jpg
1083,https://randomuser.me/api/portraits/women/89.jpg
1084,https://randomuser.me/api/portraits/men/45.jpg
1085,https://randomuser.me/api/portraits/men/54.jpg
1086,https://randomuser.me/api/portraits/women/86.jpg
1087,https://randomuser.me/api/portraits/men/19.jpg
1088,https://randomuser.me/api/portraits/women/55.jpg
1089,https://randomuser.me/api/portraits/women/14.jpg
1090,https://randomuser.me/api/portraits/men/82.jpg
1091,https://randomuser.me/api/portraits/men/42.jpg
1092,https://randomuser.me/api/portraits/men/57.jpg
1093,https://randomuser.me/api/portraits/men/42.jpg
1094,https://randomuser.me/api/portraits/women/75.jpg
1095,https://randomuser.me/api/portraits/men/77.jpg
1096,https://randomuser.me/api/portraits/men/97.jpg
1097,https://randomuser.me/api/portraits/men/55.jpg
1098,https://randomuser.me/api/portraits/men/43.jpg
1099,https://randomuser.me/api/portraits/men/56.jpg
1100,https://randomuser.me/api/portraits/women/87.jpg
1101,https://randomuser.me/api/portraits/men/5.jpg
1102,https://randomuser.me/api/portraits/men/88.jpg
1103,https://randomuser.me/api/portraits/women/1.jpg
1104,https://randomuser.me/api/portraits/men/53.jpg
1105,https://randomuser.me/api/portraits/women/49.jpg
1106,https://randomuser.me/api/portraits/men/22.jpg
1107,https://randomuser.me/api/portraits/women/47.jpg
1108,https://randomuser.me/api/portraits/women/68.jpg
1109,https://randomuser.me/api/portraits/women/10.jpg
1110,https://randomuser.me/api/portraits/men/51.jpg
1111,https://randomuser.me/api/portraits/men/15.jpg
1112,https://randomuser.me/api/portraits/women/4.jpg
1113,https://randomuser.me/api/portraits/men/12.jpg
1114,https://randomuser.me/api/portraits/women/28.jpg
1115,https://randomuser.me/api/portraits/men/8.jpg
1116,https://randomuser.me/api/portraits/men/37.jpg
1117,https://randomuser.me/api/portraits/women/91.jpg
1118,https://randomuser.me/api/portraits/men/84.jpg
1119,https://randomuser.me/api/portraits/women/71.jpg
1120,https://randomuser.me/api/portraits/women/16.jpg
1121,https://randomuser.me/api/portraits/women/57.jpg
1122,https://randomuser.me/api/portraits/men/59.jpg
1123,https://randomuser.me/api/portraits/men/31.jpg
1124,https://randomuser.me/api/portraits/men/80.jpg
1125,https://randomuser.me/api/portraits/women/80.jpg
1126,https://randomuser.me/api/portraits/men/47.jpg
1127,https://randomuser.me/api/portraits/women/75.jpg
1128,https://randomuser.me/api/portraits/women/3.jpg
1129,https://randomuser.me/api/portraits/men/12.jpg
1130,https://randomuser.me/api/portraits/women/38.jpg
1131,https://randomuser.me/api/portraits/men/74.jpg
1132,https://randomuser.me/api/portraits/men/41.jpg
1133,https://randomuser.me/api/portraits/men/94.jpg
1134,https://randomuser.me/api/portraits/men/71.jpg
1135,https://randomuser.me/api/portraits/women/13.jpg
1136,https://randomuser.me/api/portraits/women/5.jpg
1137,https://randomuser.me/api/portraits/men/8.jpg
1138,https://randomuser.me/api/portraits/men/11.jpg
1139,https://randomuser.me/api/portraits/men/82.jpg
1140,https://randomuser.me/api/portraits/women/26.jpg
1141,https://randomuser.me/api/portraits/men/39.jpg
1142,https://randomuser.me/api/portraits/men/7.jpg
1143,https://randomuser.me/api/portraits/men/16.jpg
1144,https://randomuser.me/api/portraits/men/95.jpg
1145,https://randomuser.me/api/portraits/women/94.jpg
1146,https://randomuser.me/api/portraits/women/25.jpg
1147,https://randomuser.me/api/portraits/women/91.jpg
1148,https://randomuser.me/api/portraits/men/96.jpg
1149,https://randomuser.me/api/portraits/men/65.jpg
1150,https://randomuser.me/api/portraits/men/8.jpg
1151,https://randomuser.me/api/portraits/women/51.jpg
1152,https://randomuser.me/api/portraits/men/90.jpg
1153,https://randomuser.me/api/portraits/women/11.jpg
1154,https://randomuser.me/api/portraits/women/14.jpg
1155,https://randomuser.me/api/portraits/men/29.jpg
1156,https://randomuser.me/api/portraits/women/8.jpg
1157,https://randomuser.me/api/portraits/women/26.jpg
1158,https://randomuser.me/api/portraits/women/61.jpg
1159,https://randomuser.me/api/portraits/women/20.jpg
1160,https://randomuser.me/api/portraits/men/5.jpg
1161,https://randomuser.me/api/portraits/men/20.jpg
1162,https://randomuser.me/api/portraits/men/7.jpg
1163,https://randomuser.me/api/portraits/women/89.jpg
1164,https://randomuser.me/api/portraits/women/4.jpg
1165,https://randomuser.me/api/portraits/women/9.jpg
1166,https://randomuser.me/api/portraits/men/3.jpg
1167,https://randomuser.me/api/portraits/men/68.jpg
1168,https://randomuser.me/api/portraits/men/18.jpg
1169,https://randomuser.me/api/portraits/women/30.jpg
1170,https://randomuser.me/api/portraits/men/0.jpg
1171,https://randomuser.me/api/portraits/men/14.jpg
1172,https://randomuser.me/api/portraits/men/16.jpg
1173,https://randomuser.me/api/portraits/men/72.jpg
1174,https://randomuser.me/api/portraits/men/28.jpg
1175,https://randomuser.me/api/portraits/men/20.jpg
1176,https://randomuser.me/api/portraits/men/57.jpg
1177,https://randomuser.me/api/portraits/women/38.jpg
1178,https://randomuser.me/api/portraits/men/0.jpg
1179,https://randomuser.me/api/portraits/men/84.jpg
1180,https://randomuser.me/api/portraits/men/29.jpg
1181,https://randomuser.me/api/portraits/women/15.jpg
1182,https://randomuser.me/api/portraits/men/62.jpg
1183,https://randomuser.me/api/portraits/men/48.jpg
1184,https://randomuser.me/api/portraits/men/23.jpg
1185,https://randomuser.me/api/portraits/men/76.jpg
1186,https://randomuser.me/api/portraits/men/55.jpg
1187,https://randomuser.me/api/portraits/women/31.jpg
1188,https://randomuser.me/api/portraits/women/86.jpg
1189,https://randomuser.me/api/portraits/men/94.jpg
1190,https://randomuser.me/api/portraits/men/62.jpg
1191,https://randomuser.me/api/portraits/women/96.jpg
1192,https://randomuser.me/api/portraits/men/58.jpg
1193,https://randomuser.me/api/portraits/women/82.jpg
1194,https://randomuser.me/api/portraits/women/36.jpg
1195,https://randomuser.me/api/portraits/men/37.jpg
1196,https://randomuser.me/api/portraits/women/42.jpg
1197,https://randomuser.me/api/portraits/women/56.jpg
1198,https://randomuser.me/api/portraits/men/79.jpg
1199,https://randomuser.me/api/portraits/women/63.jpg
1200,https://randomuser.me/api/portraits/women/26.jpg
1201,https://randomuser.me/api/portraits/women/46.jpg
1202,https://randomuser.me/api/portraits/women/1.jpg
1203,https://randomuser.me/api/portraits/women/83.jpg
1204,https://randomuser.me/api/portraits/women/95.jpg
1205,https://randomuser.me/api/portraits/women/61.jpg
1206,https://randomuser.me/api/portraits/men/37.jpg
1207,https://randomuser.me/api/portraits/men/59.jpg
1208,https://randomuser.me/api/portraits/women/63.jpg
1209,https://randomuser.me/api/portraits/women/88.jpg
1210,https://randomuser.me/api/portraits/men/53.jpg
1211,https://randomuser.me/api/portraits/women/79.jpg
1212,https://randomuser.me/api/portraits/women/92.jpg
1213,https://randomuser.me/api/portraits/women/42.jpg
1214,https://randomuser.me/api/portraits/men/2.jpg
1215,https://randomuser.me/api/portraits/men/81.jpg
1216,https://randomuser.me/api/portraits/men/37.jpg
1217,https://randomuser.me/api/portraits/women/62.jpg
1218,https://randomuser.me/api/portraits/women/95.jpg
1219,https://randomuser.me/api/portraits/men/3.jpg
1220,https://randomuser.me/api/portraits/women/22.jpg
1221,https://randomuser.me/api/portraits/women/50.jpg
1222,https://randomuser.me/api/portraits/men/70.jpg
1223,https://randomuser.me/api/portraits/women/48.jpg
1224,https://randomuser.me/api/portraits/men/78.jpg
1225,https://randomuser.me/api/portraits/women/32.jpg
1226,https://randomuser.me/api/portraits/men/82.jpg
1227,https://randomuser.me/api/portraits/men/96.jpg
1228,https://randomuser.me/api/portraits/men/93.jpg
1229,https://randomuser.me/api/portraits/men/76.jpg
1230,https://randomuser.me/api/portraits/men/63.jpg
1231,https://randomuser.me/api/portraits/women/51.jpg
1232,https://randomuser.me/api/portraits/men/74.jpg
1233,https://randomuser.me/api/portraits/men/27.jpg
1234,https://randomuser.me/api/portraits/women/34.jpg
1235,https://randomuser.me/api/portraits/men/34.jpg
1236,https://randomuser.me/api/portraits/men/12.jpg
1237,https://randomuser.me/api/portraits/women/62.jpg
1238,https://randomuser.me/api/portraits/women/74.jpg
1239,https://randomuser.me/api/portraits/men/74.jpg
1240,https://randomuser.me/api/portraits/men/31.jpg
1241,https://randomuser.me/api/portraits/men/62.jpg
1242,https://randomuser.me/api/portraits/men/63.jpg
1243,https://randomuser.me/api/portraits/men/12.jpg
1244,https://randomuser.me/api/portraits/men/48.jpg
1245,https://randomuser.me/api/portraits/men/15.jpg
1246,https://randomuser.me/api/portraits/men/42.jpg
1247,https://randomuser.me/api/portraits/men/12.jpg
1248,https://randomuser.me/api/portraits/women/46.jpg
1249,https://randomuser.me/api/portraits/women/28.jpg
1250,https://randomuser.me/api/portraits/women/16.jpg
1251,https://randomuser.me/api/portraits/women/51.jpg
1252,https://randomuser.me/api/portraits/women/2.jpg
1253,https://randomuser.me/api/portraits/women/45.jpg
1254,https://randomuser.me/api/portraits/women/96.jpg
1255,https://randomuser.me/api/portraits/men/90.jpg
1256,https://randomuser.me/api/portraits/men/1.jpg
1257,https://randomuser.me/api/portraits/men/82.jpg
1258,https://randomuser.me/api/portraits/women/42.jpg
1259,https://randomuser.me/api/portraits/men/65.jpg
1260,https://randomuser.me/api/portraits/women/34.jpg
1261,https://randomuser.me/api/portraits/women/77.jpg
1262,https://randomuser.me/api/portraits/men/43.jpg
1263,https://randomuser.me/api/portraits/men/30.jpg
1264,https://randomuser.me/api/portraits/men/14.jpg
1265,https://randomuser.me/api/portraits/men/95.jpg
1266,https://randomuser.me/api/portraits/men/50.jpg
1267,https://randomuser.me/api/portraits/men/59.jpg
1268,https://randomuser.me/api/portraits/women/10.jpg
1269,https://randomuser.me/api/portraits/women/11.jpg
1270,https://randomuser.me/api/portraits/women/26.jpg
1271,https://randomuser.me/api/portraits/women/73.jpg
1272,https://randomuser.me/api/portraits/women/77.jpg
1273,https://randomuser.me/api/portraits/women/45.jpg
1274,https://randomuser.me/api/portraits/women/83.jpg
1275,https://randomuser.me/api/portraits/women/45.jpg
1276,https://randomuser.me/api/portraits/women/32.jpg
1277,https://randomuser.me/api/portraits/women/0.jpg
1278,https://randomuser.me/api/portraits/women/40.jpg
1279,https://randomuser.me/api/portraits/men/7.jpg
1280,https://randomuser.me/api/portraits/men/82.jpg
1281,https://randomuser.me/api/portraits/women/75.jpg
1282,https://randomuser.me/api/portraits/women/59.jpg
1283,https://randomuser.me/api/portraits/women/80.jpg
1284,https://randomuser.me/api/portraits/men/80.jpg
1285,https://randomuser.me/api/portraits/men/98.jpg
1286,https://randomuser.me/api/portraits/women/93.jpg
1287,https://randomuser.me/api/portraits/women/53.jpg
1288,https://randomuser.me/api/portraits/women/29.jpg
1289,https://randomuser.me/api/portraits/women/10.jpg
1290,https://randomuser.me/api/portraits/women/22.jpg
1291,https://randomuser.me/api/portraits/women/86.jpg
1292,https://randomuser.me/api/portraits/men/4.jpg
1293,https://randomuser.me/api/portraits/men/67.jpg
1294,https://randomuser.me/api/portraits/women/4.jpg
1295,https://randomuser.me/api/portraits/women/34.jpg
1296,https://randomuser.me/api/portraits/women/30.jpg
1297,https://randomuser.me/api/portraits/men/25.jpg
1298,https://randomuser.me/api/portraits/men/90.jpg
1299,https://randomuser.me/api/portraits/men/11.jpg
1300,https://randomuser.me/api/portraits/men/95.jpg
1301,https://randomuser.me/api/portraits/men/59.jpg
1302,https://randomuser.me/api/portraits/men/88.jpg
1303,https://randomuser.me/api/portraits/women/0.jpg
1304,https://randomuser.me/api/portraits/women/30.jpg
1305,https://randomuser.me/api/portraits/men/79.jpg
1306,https://randomuser.me/api/portraits/women/27.jpg
1307,https://randomuser.me/api/portraits/men/20.jpg
1308,https://randomuser.me/api/portraits/men/3.jpg
1309,https://randomuser.me/api/portraits/men/87.jpg
1310,https://randomuser.me/api/portraits/men/46.jpg
1311,https://randomuser.me/api/portraits/women/95.jpg
1312,https://randomuser.me/api/portraits/men/77.jpg
1313,https://randomuser.me/api/portraits/men/16.jpg
1314,https://randomuser.me/api/portraits/men/39.jpg
1315,https://randomuser.me/api/portraits/women/29.jpg
1316,https://randomuser.me/api/portraits/women/94.jpg
1317,https://randomuser.me/api/portraits/women/30.jpg
1318,https://randomuser.me/api/portraits/men/3.jpg
1319,https://randomuser.me/api/portraits/men/55.jpg
1320,https://randomuser.me/api/portraits/women/2.jpg
1321,https://randomuser.me/api/portraits/men/94.jpg
1322,https://randomuser.me/api/portraits/men/48.jpg
1323,https://randomuser.me/api/portraits/men/84.jpg
1324,https://randomuser.me/api/portraits/women/90.jpg
1325,https://randomuser.me/api/portraits/men/48.jpg
1326,https://randomuser.me/api/portraits/men/21.jpg
1327,https://randomuser.me/api/portraits/women/6.jpg
1328,https://randomuser.me/api/portraits/women/50.jpg
1329,https://randomuser.me/api/portraits/men/81.jpg
1330,https://randomuser.me/api/portraits/women/45.jpg
1331,https://randomuser.me/api/portraits/men/90.jpg
1332,https://randomuser.me/api/portraits/men/88.jpg
1333,https://randomuser.me/api/portraits/women/95.jpg
1334,https://randomuser.me/api/portraits/women/58.jpg
1335,https://randomuser.me/api/portraits/women/59.jpg
1336,https://randomuser.me/api/portraits/men/83.jpg
1337,https://randomuser.me/api/portraits/women/11.jpg
1338,https://randomuser.me/api/portraits/men/50.jpg
1339,https://randomuser.me/api/portraits/men/29.jpg
1340,https://randomuser.me/api/portraits/women/81.jpg
1341,https://randomuser.me/api/portraits/men/97.jpg
1342,https://randomuser.me/api/portraits/men/13.jpg
1343,https://randomuser.me/api/portraits/men/46.jpg
1344,https://randomuser.me/api/portraits/women/76.jpg
1345,https://randomuser.me/api/portraits/women/58.jpg
1346,https://randomuser.me/api/portraits/women/30.jpg
1347,https://randomuser.me/api/portraits/women/62.jpg
1348,https://randomuser.me/api/portraits/women/20.jpg
1349,https://randomuser.me/api/portraits/women/74.jpg
1350,https://randomuser.me/api/portraits/women/2.jpg
1351,https://randomuser.me/api/portraits/men/68.jpg
1352,https://randomuser.me/api/portraits/men/72.jpg
1353,https://randomuser.me/api/portraits/women/54.jpg
1354,https://randomuser.me/api/portraits/women/74.jpg
1355,https://randomuser.me/api/portraits/men/21.jpg
1356,https://randomuser.me/api/portraits/men/18.jpg
1357,https://randomuser.me/api/portraits/women/19.jpg
1358,https://randomuser.me/api/portraits/women/27.jpg
1359,https://randomuser.me/api/portraits/men/6.jpg
1360,https://randomuser.me/api/portraits/men/80.jpg
1361,https://randomuser.me/api/portraits/women/38.jpg
1362,https://randomuser.me/api/portraits/men/70.jpg
1363,https://randomuser.me/api/portraits/women/33.jpg
1364,https://randomuser.me/api/portraits/men/84.jpg
1365,https://randomuser.me/api/portraits/women/44.jpg
1366,https://randomuser.me/api/portraits/men/58.jpg
1367,https://randomuser.me/api/portraits/men/1.jpg
1368,https://randomuser.me/api/portraits/women/12.jpg
1369,https://randomuser.me/api/portraits/men/27.jpg
1370,https://randomuser.me/api/portraits/women/50.jpg
1371,https://randomuser.me/api/portraits/men/45.jpg
1372,https://randomuser.me/api/portraits/men/96.jpg
1373,https://randomuser.me/api/portraits/women/52.jpg
1374,https://randomuser.me/api/portraits/women/59.jpg
1375,https://randomuser.me/api/portraits/women/82.jpg
1376,https://randomuser.me/api/portraits/men/43.jpg
1377,https://randomuser.me/api/portraits/men/36.jpg
1378,https://randomuser.me/api/portraits/women/24.jpg
1379,https://randomuser.me/api/portraits/women/78.jpg
1380,https://randomuser.me/api/portraits/men/53.jpg
1381,https://randomuser.me/api/portraits/women/52.jpg
1382,https://randomuser.me/api/portraits/women/85.jpg
1383,https://randomuser.me/api/portraits/women/80.jpg
1384,https://randomuser.me/api/portraits/women/47.jpg
1385,https://randomuser.me/api/portraits/women/26.jpg
1386,https://randomuser.me/api/portraits/women/75.jpg
1387,https://randomuser.me/api/portraits/men/21.jpg
1388,https://randomuser.me/api/portraits/women/68.jpg
1389,https://randomuser.me/api/portraits/men/69.jpg
1390,https://randomuser.me/api/portraits/women/21.jpg
1391,https://randomuser.me/api/portraits/women/31.jpg
1392,https://randomuser.me/api/portraits/women/38.jpg
1393,https://randomuser.me/api/portraits/men/85.jpg
1394,https://randomuser.me/api/portraits/women/40.jpg
1395,https://randomuser.me/api/portraits/women/0.jpg
1396,https://randomuser.me/api/portraits/men/98.jpg
1397,https://randomuser.me/api/portraits/men/36.jpg
1398,https://randomuser.me/api/portraits/women/43.jpg
1399,https://randomuser.me/api/portraits/men/81.jpg
1400,https://randomuser.me/api/portraits/women/44.jpg
1401,https://randomuser.me/api/portraits/men/99.jpg
1402,https://randomuser.me/api/portraits/women/88.jpg
1403,https://randomuser.me/api/portraits/men/88.jpg
1404,https://randomuser.me/api/portraits/men/8.jpg
1405,https://randomuser.me/api/portraits/men/30.jpg
1406,https://randomuser.me/api/portraits/men/70.jpg
1407,https://randomuser.me/api/portraits/women/3.jpg
1408,https://randomuser.me/api/portraits/women/62.jpg
1409,https://randomuser.me/api/portraits/women/48.jpg
1410,https://randomuser.me/api/portraits/men/94.jpg
1411,https://randomuser.me/api/portraits/women/46.jpg
1412,https://randomuser.me/api/portraits/men/50.jpg
1413,https://randomuser.me/api/portraits/men/43.jpg
1414,https://randomuser.me/api/portraits/women/14.jpg
1415,https://randomuser.me/api/portraits/men/7.jpg
1416,https://randomuser.me/api/portraits/men/69.jpg
1417,https://randomuser.me/api/portraits/men/71.jpg
1418,https://randomuser.me/api/portraits/men/61.jpg
1419,https://randomuser.me/api/portraits/women/79.jpg
1420,https://randomuser.me/api/portraits/men/99.jpg
1421,https://randomuser.me/api/portraits/women/51.jpg
1422,https://randomuser.me/api/portraits/women/72.jpg
1423,https://randomuser.me/api/portraits/men/49.jpg
1424,https://randomuser.me/api/portraits/women/20.jpg
1425,https://randomuser.me/api/portraits/women/61.jpg
1426,https://randomuser.me/api/portraits/men/81.jpg
1427,https://randomuser.me/api/portraits/men/35.jpg
1428,https://randomuser.me/api/portraits/men/31.jpg
1429,https://randomuser.me/api/portraits/men/38.jpg
1430,https://randomuser.me/api/portraits/men/71.jpg
1431,https://randomuser.me/api/portraits/men/97.jpg
1432,https://randomuser.me/api/portraits/women/71.jpg
1433,https://randomuser.me/api/portraits/women/91.jpg
1434,https://randomuser.me/api/portraits/women/71.jpg
1435,https://randomuser.me/api/portraits/women/55.jpg
1436,https://randomuser.me/api/portraits/women/59.jpg
1437,https://randomuser.me/api/portraits/men/67.jpg
1438,https://randomuser.me/api/portraits/women/49.jpg
1439,https://randomuser.me/api/portraits/women/30.jpg
1440,https://randomuser.me/api/portraits/women/50.jpg
1441,https://randomuser.me/api/portraits/men/64.jpg
1442,https://randomuser.me/api/portraits/women/58.jpg
1443,https://randomuser.me/api/portraits/men/58.jpg
1444,https://randomuser.me/api/portraits/men/24.jpg
1445,https://randomuser.me/api/portraits/women/63.jpg
1446,https://randomuser.me/api/portraits/men/83.jpg
1447,https://randomuser.me/api/portraits/women/34.jpg
1448,https://randomuser.me/api/portraits/women/83.jpg
1449,https://randomuser.me/api/portraits/men/86.jpg
1450,https://randomuser.me/api/portraits/women/21.jpg
1451,https://randomuser.me/api/portraits/men/28.jpg
1452,https://randomuser.me/api/portraits/women/16.jpg
1453,https://randomuser.me/api/portraits/women/65.jpg
1454,https://randomuser.me/api/portraits/women/30.jpg
1455,https://randomuser.me/api/portraits/women/60.jpg
1456,https://randomuser.me/api/portraits/men/33.jpg
1457,https://randomuser.me/api/portraits/men/48.jpg
1458,https://randomuser.me/api/portraits/women/0.jpg
1459,https://randomuser.me/api/portraits/men/10.jpg
1460,https://randomuser.me/api/portraits/men/83.jpg
1461,https://randomuser.me/api/portraits/women/11.jpg
1462,https://randomuser.me/api/portraits/women/3.jpg
1463,https://randomuser.me/api/portraits/women/57.jpg
1464,https://randomuser.me/api/portraits/men/80.jpg
1465,https://randomuser.me/api/portraits/women/11.jpg
1466,https://randomuser.me/api/portraits/women/96.jpg
1467,https://randomuser.me/api/portraits/men/59.jpg
1468,https://randomuser.me/api/portraits/men/56.jpg
1469,https://randomuser.me/api/portraits/women/43.jpg
1470,https://randomuser.me/api/portraits/women/50.jpg
1471,https://randomuser.me/api/portraits/men/14.jpg
1472,https://randomuser.me/api/portraits/women/61.jpg
1473,https://randomuser.me/api/portraits/women/53.jpg
1474,https://randomuser.me/api/portraits/men/47.jpg
1475,https://randomuser.me/api/portraits/men/48.jpg
1476,https://randomuser.me/api/portraits/men/71.jpg
1477,https://randomuser.me/api/portraits/men/17.jpg
1478,https://randomuser.me/api/portraits/men/30.jpg
1479,https://randomuser.me/api/portraits/women/62.jpg
1480,https://randomuser.me/api/portraits/women/46.jpg
1481,https://randomuser.me/api/portraits/women/49.jpg
1482,https://randomuser.me/api/portraits/men/4.jpg
1483,https://randomuser.me/api/portraits/men/92.jpg
1484,https://randomuser.me/api/portraits/men/72.jpg
1485,https://randomuser.me/api/portraits/men/59.jpg
1486,https://randomuser.me/api/portraits/men/53.jpg
1487,https://randomuser.me/api/portraits/men/73.jpg
1488,https://randomuser.me/api/portraits/men/88.jpg
1489,https://randomuser.me/api/portraits/women/7.jpg
1490,https://randomuser.me/api/portraits/men/91.jpg
1491,https://randomuser.me/api/portraits/men/38.jpg
1492,https://randomuser.me/api/portraits/men/55.jpg
1493,https://randomuser.me/api/portraits/women/46.jpg
1494,https://randomuser.me/api/portraits/women/86.jpg
1495,https://randomuser.me/api/portraits/men/76.jpg
1496,https://randomuser.me/api/portraits/women/84.jpg
1497,https://randomuser.me/api/portraits/men/63.jpg
1498,https://randomuser.me/api/portraits/women/42.jpg
1499,https://randomuser.me/api/portraits/men/22.jpg
1500,https://randomuser.me/api/portraits/men/35.jpg
1501,https://randomuser.me/api/portraits/women/93.jpg
1502,https://randomuser.me/api/portraits/men/39.jpg
1503,https://randomuser.me/api/portraits/women/15.jpg
1504,https://randomuser.me/api/portraits/men/8.jpg
1505,https://randomuser.me/api/portraits/women/72.jpg
1506,https://randomuser.me/api/portraits/men/84.jpg
1507,https://randomuser.me/api/portraits/men/25.jpg
1508,https://randomuser.me/api/portraits/women/81.jpg
1509,https://randomuser.me/api/portraits/men/37.jpg
1510,https://randomuser.me/api/portraits/men/27.jpg
1511,https://randomuser.me/api/portraits/men/11.jpg
1512,https://randomuser.me/api/portraits/women/87.jpg
1513,https://randomuser.me/api/portraits/women/50.jpg
1514,https://randomuser.me/api/portraits/women/39.jpg
1515,https://randomuser.me/api/portraits/men/91.jpg
1516,https://randomuser.me/api/portraits/women/45.jpg
1517,https://randomuser.me/api/portraits/women/40.jpg
1518,https://randomuser.me/api/portraits/women/4.jpg
1519,https://randomuser.me/api/portraits/men/22.jpg
1520,https://randomuser.me/api/portraits/men/35.jpg
1521,https://randomuser.me/api/portraits/women/21.jpg
1522,https://randomuser.me/api/portraits/women/44.jpg
1523,https://randomuser.me/api/portraits/women/2.jpg
1524,https://randomuser.me/api/portraits/women/56.jpg
1525,https://randomuser.me/api/portraits/women/17.jpg
1526,https://randomuser.me/api/portraits/men/69.jpg
1527,https://randomuser.me/api/portraits/women/93.jpg
1528,https://randomuser.me/api/portraits/women/44.jpg
1529,https://randomuser.me/api/portraits/women/10.jpg
1530,https://randomuser.me/api/portraits/women/68.jpg
1531,https://randomuser.me/api/portraits/men/28.jpg
1532,https://randomuser.me/api/portraits/men/70.jpg
1533,https://randomuser.me/api/portraits/women/90.jpg
1534,https://randomuser.me/api/portraits/women/83.jpg
1535,https://randomuser.me/api/portraits/men/79.jpg
1536,https://randomuser.me/api/portraits/women/18.jpg
1537,https://randomuser.me/api/portraits/women/59.jpg
1538,https://randomuser.me/api/portraits/women/7.jpg
1539,https://randomuser.me/api/portraits/women/73.jpg
1540,https://randomuser.me/api/portraits/women/5.jpg
1541,https://randomuser.me/api/portraits/men/99.jpg
1542,https://randomuser.me/api/portraits/men/8.jpg
1543,https://randomuser.me/api/portraits/men/23.jpg
1544,https://randomuser.me/api/portraits/men/91.jpg
1545,https://randomuser.me/api/portraits/women/71.jpg
1546,https://randomuser.me/api/portraits/women/55.jpg
1547,https://randomuser.me/api/portraits/men/45.jpg
1548,https://randomuser.me/api/portraits/men/74.jpg
1549,https://randomuser.me/api/portraits/men/48.jpg
1550,https://randomuser.me/api/portraits/women/73.jpg
1551,https://randomuser.me/api/portraits/women/69.jpg
1552,https://randomuser.me/api/portraits/women/51.jpg
1553,https://randomuser.me/api/portraits/women/13.jpg
1554,https://randomuser.me/api/portraits/men/90.jpg
1555,https://randomuser.me/api/portraits/men/7.jpg
1556,https://randomuser.me/api/portraits/men/35.jpg
1557,https://randomuser.me/api/portraits/women/15.jpg
1558,https://randomuser.me/api/portraits/men/9.jpg
1559,https://randomuser.me/api/portraits/men/32.jpg
1560,https://randomuser.me/api/portraits/women/19.jpg
1561,https://randomuser.me/api/portraits/women/78.jpg
1562,https://randomuser.me/api/portraits/men/27.jpg
1563,https://randomuser.me/api/portraits/women/67.jpg
1564,https://randomuser.me/api/portraits/women/49.jpg
1565,https://randomuser.me/api/portraits/women/0.jpg
1566,https://randomuser.me/api/portraits/men/31.jpg
1567,https://randomuser.me/api/portraits/men/91.jpg
1568,https://randomuser.me/api/portraits/women/1.jpg
1569,https://randomuser.me/api/portraits/women/4.jpg
1570,https://randomuser.me/api/portraits/women/54.jpg
1571,https://randomuser.me/api/portraits/men/23.jpg
1572,https://randomuser.me/api/portraits/men/87.jpg
1573,https://randomuser.me/api/portraits/women/91.jpg
1574,https://randomuser.me/api/portraits/men/91.jpg
1575,https://randomuser.me/api/portraits/women/11.jpg
1576,https://randomuser.me/api/portraits/men/48.jpg
1577,https://randomuser.me/api/portraits/men/49.jpg
1578,https://randomuser.me/api/portraits/men/90.jpg
1579,https://randomuser.me/api/portraits/women/52.jpg
1580,https://randomuser.me/api/portraits/women/87.jpg
1581,https://randomuser.me/api/portraits/women/39.jpg
1582,https://randomuser.me/api/portraits/men/90.jpg
1583,https://randomuser.me/api/portraits/women/15.jpg
1584,https://randomuser.me/api/portraits/men/2.jpg
1585,https://randomuser.me/api/portraits/men/72.jpg
1586,https://randomuser.me/api/portraits/women/55.jpg
1587,https://randomuser.me/api/portraits/women/60.jpg
1588,https://randomuser.me/api/portraits/men/90.jpg
1589,https://randomuser.me/api/portraits/men/50.jpg
1590,https://randomuser.me/api/portraits/men/86.jpg
1591,https://randomuser.me/api/portraits/women/73.jpg
1592,https://randomuser.me/api/portraits/women/71.jpg
1593,https://randomuser.me/api/portraits/women/38.jpg
1594,https://randomuser.me/api/portraits/women/95.jpg
1595,https://randomuser.me/api/portraits/men/26.jpg
1596,https://randomuser.me/api/portraits/men/37.jpg
1597,https://randomuser.me/api/portraits/men/84.jpg
1598,https://randomuser.me/api/portraits/women/81.jpg
1599,https://randomuser.me/api/portraits/women/58.jpg
1600,https://randomuser.me/api/portraits/men/63.jpg
1601,https://randomuser.me/api/portraits/women/40.jpg
1602,https://randomuser.me/api/portraits/men/19.jpg
1603,https://randomuser.me/api/portraits/men/75.jpg
1604,https://randomuser.me/api/portraits/women/48.jpg
1605,https://randomuser.me/api/portraits/men/86.jpg
1606,https://randomuser.me/api/portraits/men/10.jpg
1607,https://randomuser.me/api/portraits/men/72.jpg
1608,https://randomuser.me/api/portraits/women/27.jpg
1609,https://randomuser.me/api/portraits/men/7.jpg
1610,https://randomuser.me/api/portraits/women/36.jpg
1611,https://randomuser.me/api/portraits/men/87.jpg
1612,https://randomuser.me/api/portraits/women/35.jpg
1613,https://randomuser.me/api/portraits/women/91.jpg
1614,https://randomuser.me/api/portraits/men/43.jpg
1615,https://randomuser.me/api/portraits/women/25.jpg
1616,https://randomuser.me/api/portraits/women/59.jpg
1617,https://randomuser.me/api/portraits/women/11.jpg
1618,https://randomuser.me/api/portraits/men/45.jpg
1619,https://randomuser.me/api/portraits/men/68.jpg
1620,https://randomuser.me/api/portraits/men/43.jpg
1621,https://randomuser.me/api/portraits/men/81.jpg
1622,https://randomuser.me/api/portraits/men/7.jpg
1623,https://randomuser.me/api/portraits/women/20.jpg
1624,https://randomuser.me/api/portraits/men/72.jpg
1625,https://randomuser.me/api/portraits/women/76.jpg
1626,https://randomuser.me/api/portraits/women/35.jpg
1627,https://randomuser.me/api/portraits/women/31.jpg
1628,https://randomuser.me/api/portraits/women/75.jpg
1629,https://randomuser.me/api/portraits/women/0.jpg
1630,https://randomuser.me/api/portraits/women/88.jpg
1631,https://randomuser.me/api/portraits/men/0.jpg
1632,https://randomuser.me/api/portraits/men/84.jpg
1633,https://randomuser.me/api/portraits/women/16.jpg
1634,https://randomuser.me/api/portraits/men/0.jpg
1635,https://randomuser.me/api/portraits/women/85.jpg
1636,https://randomuser.me/api/portraits/women/68.jpg
1637,https://randomuser.me/api/portraits/men/21.jpg
1638,https://randomuser.me/api/portraits/men/24.jpg
1639,https://randomuser.me/api/portraits/men/48.jpg
1640,https://randomuser.me/api/portraits/women/76.jpg
1641,https://randomuser.me/api/portraits/men/58.jpg
1642,https://randomuser.me/api/portraits/women/87.jpg
1643,https://randomuser.me/api/portraits/women/55.jpg
1644,https://randomuser.me/api/portraits/men/95.jpg
1645,https://randomuser.me/api/portraits/men/46.jpg
1646,https://randomuser.me/api/portraits/women/88.jpg
1647,https://randomuser.me/api/portraits/men/1.jpg
1648,https://randomuser.me/api/portraits/women/52.jpg
1649,https://randomuser.me/api/portraits/men/90.jpg
1650,https://randomuser.me/api/portraits/women/50.jpg
1651,https://randomuser.me/api/portraits/men/86.jpg
1652,https://randomuser.me/api/portraits/men/65.jpg
1653,https://randomuser.me/api/portraits/men/47.jpg
1654,https://randomuser.me/api/portraits/women/74.jpg
1655,https://randomuser.me/api/portraits/men/73.jpg
1656,https://randomuser.me/api/portraits/women/90.jpg
1657,https://randomuser.me/api/portraits/women/90.jpg
1658,https://randomuser.me/api/portraits/men/14.jpg
1659,https://randomuser.me/api/portraits/women/85.jpg
1660,https://randomuser.me/api/portraits/women/58.jpg
1661,https://randomuser.me/api/portraits/men/37.jpg
1662,https://randomuser.me/api/portraits/men/26.jpg
1663,https://randomuser.me/api/portraits/women/95.jpg
1664,https://randomuser.me/api/portraits/men/42.jpg
1665,https://randomuser.me/api/portraits/women/87.jpg
1666,https://randomuser.me/api/portraits/men/45.jpg
1667,https://randomuser.me/api/portraits/men/27.jpg
1668,https://randomuser.me/api/portraits/men/11.jpg
1669,https://randomuser.me/api/portraits/men/11.jpg
1670,https://randomuser.me/api/portraits/men/69.jpg
1671,https://randomuser.me/api/portraits/men/14.jpg
1672,https://randomuser.me/api/portraits/women/56.jpg
1673,https://randomuser.me/api/portraits/men/56.jpg
1674,https://randomuser.me/api/portraits/men/52.jpg
1675,https://randomuser.me/api/portraits/men/2.jpg
1676,https://randomuser.me/api/portraits/women/89.jpg
1677,https://randomuser.me/api/portraits/men/15.jpg
1678,https://randomuser.me/api/portraits/women/10.jpg
1679,https://randomuser.me/api/portraits/women/89.jpg
1680,https://randomuser.me/api/portraits/men/25.jpg
1681,https://randomuser.me/api/portraits/men/51.jpg
1682,https://randomuser.me/api/portraits/men/87.jpg
1683,https://randomuser.me/api/portraits/men/41.jpg
1684,https://randomuser.me/api/portraits/men/7.jpg
1685,https://randomuser.me/api/portraits/women/58.jpg
1686,https://randomuser.me/api/portraits/men/95.jpg
1687,https://randomuser.me/api/portraits/women/5.jpg
1688,https://randomuser.me/api/portraits/women/80.jpg
1689,https://randomuser.me/api/portraits/women/3.jpg
1690,https://randomuser.me/api/portraits/women/52.jpg
1691,https://randomuser.me/api/portraits/men/18.jpg
1692,https://randomuser.me/api/portraits/women/86.jpg
1693,https://randomuser.me/api/portraits/men/55.jpg
1694,https://randomuser.me/api/portraits/women/38.jpg
1695,https://randomuser.me/api/portraits/men/50.jpg
1696,https://randomuser.me/api/portraits/women/43.jpg
1697,https://randomuser.me/api/portraits/women/62.jpg
1698,https://randomuser.me/api/portraits/women/12.jpg
1699,https://randomuser.me/api/portraits/men/54.jpg
1700,https://randomuser.me/api/portraits/men/47.jpg
1701,https://randomuser.me/api/portraits/women/51.jpg
1702,https://randomuser.me/api/portraits/women/33.jpg
1703,https://randomuser.me/api/portraits/men/76.jpg
1704,https://randomuser.me/api/portraits/men/57.jpg
1705,https://randomuser.me/api/portraits/women/23.jpg
1706,https://randomuser.me/api/portraits/men/71.jpg
1707,https://randomuser.me/api/portraits/women/31.jpg
1708,https://randomuser.me/api/portraits/men/88.jpg
1709,https://randomuser.me/api/portraits/women/25.jpg
1710,https://randomuser.me/api/portraits/women/9.jpg
1711,https://randomuser.me/api/portraits/men/74.jpg
1712,https://randomuser.me/api/portraits/men/70.jpg
1713,https://randomuser.me/api/portraits/men/39.jpg
1714,https://randomuser.me/api/portraits/women/52.jpg
1715,https://randomuser.me/api/portraits/women/1.jpg
1716,https://randomuser.me/api/portraits/men/47.jpg
1717,https://randomuser.me/api/portraits/men/89.jpg
1718,https://randomuser.me/api/portraits/men/44.jpg
1719,https://randomuser.me/api/portraits/men/23.jpg
1720,https://randomuser.me/api/portraits/men/61.jpg
1721,https://randomuser.me/api/portraits/men/72.jpg
1722,https://randomuser.me/api/portraits/women/3.jpg
1723,https://randomuser.me/api/portraits/men/0.jpg
1724,https://randomuser.me/api/portraits/men/26.jpg
1725,https://randomuser.me/api/portraits/women/58.jpg
1726,https://randomuser.me/api/portraits/men/41.jpg
1727,https://randomuser.me/api/portraits/men/85.jpg
1728,https://randomuser.me/api/portraits/women/86.jpg
1729,https://randomuser.me/api/portraits/men/26.jpg
1730,https://randomuser.me/api/portraits/men/52.jpg
1731,https://randomuser.me/api/portraits/men/28.jpg
1732,https://randomuser.me/api/portraits/men/31.jpg
1733,https://randomuser.me/api/portraits/men/42.jpg
1734,https://randomuser.me/api/portraits/women/64.jpg
1735,https://randomuser.me/api/portraits/women/88.jpg
1736,https://randomuser.me/api/portraits/men/19.jpg
1737,https://randomuser.me/api/portraits/women/72.jpg
1738,https://randomuser.me/api/portraits/women/37.jpg
1739,https://randomuser.me/api/portraits/women/83.jpg
1740,https://randomuser.me/api/portraits/women/50.jpg
1741,https://randomuser.me/api/portraits/men/67.jpg
1742,https://randomuser.me/api/portraits/men/23.jpg
1743,https://randomuser.me/api/portraits/women/65.jpg
1744,https://randomuser.me/api/portraits/men/43.jpg
1745,https://randomuser.me/api/portraits/men/75.jpg
1746,https://randomuser.me/api/portraits/men/80.jpg
1747,https://randomuser.me/api/portraits/women/37.jpg
1748,https://randomuser.me/api/portraits/men/87.jpg
1749,https://randomuser.me/api/portraits/women/68.jpg
1750,https://randomuser.me/api/portraits/women/84.jpg
1751,https://randomuser.me/api/portraits/men/28.jpg
1752,https://randomuser.me/api/portraits/men/89.jpg
1753,https://randomuser.me/api/portraits/men/6.jpg
1754,https://randomuser.me/api/portraits/women/13.jpg
1755,https://randomuser.me/api/portraits/women/32.jpg
1756,https://randomuser.me/api/portraits/women/38.jpg
1757,https://randomuser.me/api/portraits/women/34.jpg
1758,https://randomuser.me/api/portraits/men/99.jpg
1759,https://randomuser.me/api/portraits/men/92.jpg
1760,https://randomuser.me/api/portraits/women/23.jpg
1761,https://randomuser.me/api/portraits/women/74.jpg
1762,https://randomuser.me/api/portraits/men/62.jpg
1763,https://randomuser.me/api/portraits/men/64.jpg
1764,https://randomuser.me/api/portraits/men/57.jpg
1765,https://randomuser.me/api/portraits/women/34.jpg
1766,https://randomuser.me/api/portraits/women/22.jpg
1767,https://randomuser.me/api/portraits/men/62.jpg
1768,https://randomuser.me/api/portraits/women/86.jpg
1769,https://randomuser.me/api/portraits/women/77.jpg
1770,https://randomuser.me/api/portraits/women/80.jpg
1771,https://randomuser.me/api/portraits/men/91.jpg
1772,https://randomuser.me/api/portraits/women/13.jpg
1773,https://randomuser.me/api/portraits/men/46.jpg
1774,https://randomuser.me/api/portraits/women/24.jpg
1775,https://randomuser.me/api/portraits/women/54.jpg
1776,https://randomuser.me/api/portraits/men/1.jpg
1777,https://randomuser.me/api/portraits/men/12.jpg
1778,https://randomuser.me/api/portraits/men/91.jpg
1779,https://randomuser.me/api/portraits/men/12.jpg
1780,https://randomuser.me/api/portraits/women/31.jpg
1781,https://randomuser.me/api/portraits/men/8.jpg
1782,https://randomuser.me/api/portraits/women/40.jpg
1783,https://randomuser.me/api/portraits/men/90.jpg
1784,https://randomuser.me/api/portraits/women/8.jpg
1785,https://randomuser.me/api/portraits/men/50.jpg
1786,https://randomuser.me/api/portraits/women/38.jpg
1787,https://randomuser.me/api/portraits/men/70.jpg
1788,https://randomuser.me/api/portraits/women/53.jpg
1789,https://randomuser.me/api/portraits/men/90.jpg
1790,https://randomuser.me/api/portraits/men/67.jpg
1791,https://randomuser.me/api/portraits/men/11.jpg
1792,https://randomuser.me/api/portraits/men/70.jpg
1793,https://randomuser.me/api/portraits/women/12.jpg
1794,https://randomuser.me/api/portraits/men/68.jpg
1795,https://randomuser.me/api/portraits/women/16.jpg
1796,https://randomuser.me/api/portraits/men/48.jpg
1797,https://randomuser.me/api/portraits/men/9.jpg
1798,https://randomuser.me/api/portraits/women/1.jpg
1799,https://randomuser.me/api/portraits/women/14.jpg
1800,https://randomuser.me/api/portraits/women/29.jpg
1801,https://randomuser.me/api/portraits/men/20.jpg
1802,https://randomuser.me/api/portraits/women/87.jpg
1803,https://randomuser.me/api/portraits/men/39.jpg
1804,https://randomuser.me/api/portraits/men/40.jpg
1805,https://randomuser.me/api/portraits/men/30.jpg
1806,https://randomuser.me/api/portraits/men/93.jpg
1807,https://randomuser.me/api/portraits/women/40.jpg
1808,https://randomuser.me/api/portraits/men/50.jpg
1809,https://randomuser.me/api/portraits/women/41.jpg
1810,https://randomuser.me/api/portraits/men/37.jpg
1811,https://randomuser.me/api/portraits/women/82.jpg
1812,https://randomuser.me/api/portraits/women/61.jpg
1813,https://randomuser.me/api/portraits/women/46.jpg
1814,https://randomuser.me/api/portraits/women/77.jpg
1815,https://randomuser.me/api/portraits/women/48.jpg
1816,https://randomuser.me/api/portraits/women/82.jpg
1817,https://randomuser.me/api/portraits/men/56.jpg
1818,https://randomuser.me/api/portraits/women/64.jpg
1819,https://randomuser.me/api/portraits/men/53.jpg
1820,https://randomuser.me/api/portraits/women/38.jpg
1821,https://randomuser.me/api/portraits/men/71.jpg
1822,https://randomuser.me/api/portraits/men/76.jpg
1823,https://randomuser.me/api/portraits/men/99.jpg
1824,https://randomuser.me/api/portraits/men/94.jpg
1825,https://randomuser.me/api/portraits/men/75.jpg
1826,https://randomuser.me/api/portraits/men/48.jpg
1827,https://randomuser.me/api/portraits/men/33.jpg
1828,https://randomuser.me/api/portraits/women/70.jpg
1829,https://randomuser.me/api/portraits/women/24.jpg
1830,https://randomuser.me/api/portraits/women/79.jpg
1831,https://randomuser.me/api/portraits/women/11.jpg
1832,https://randomuser.me/api/portraits/men/66.jpg
1833,https://randomuser.me/api/portraits/women/13.jpg
1834,https://randomuser.me/api/portraits/men/29.jpg
1835,https://randomuser.me/api/portraits/women/8.jpg
1836,https://randomuser.me/api/portraits/men/34.jpg
1837,https://randomuser.me/api/portraits/women/65.jpg
1838,https://randomuser.me/api/portraits/men/59.jpg
1839,https://randomuser.me/api/portraits/men/80.jpg
1840,https://randomuser.me/api/portraits/men/30.jpg
1841,https://randomuser.me/api/portraits/men/82.jpg
1842,https://randomuser.me/api/portraits/men/6.jpg
1843,https://randomuser.me/api/portraits/women/44.jpg
1844,https://randomuser.me/api/portraits/women/31.jpg
1845,https://randomuser.me/api/portraits/women/2.jpg
1846,https://randomuser.me/api/portraits/women/56.jpg
1847,https://randomuser.me/api/portraits/women/48.jpg
1848,https://randomuser.me/api/portraits/men/93.jpg
1849,https://randomuser.me/api/portraits/women/36.jpg
1850,https://randomuser.me/api/portraits/women/58.jpg
1851,https://randomuser.me/api/portraits/men/56.jpg
1852,https://randomuser.me/api/portraits/women/42.jpg
1853,https://randomuser.me/api/portraits/men/11.jpg
1854,https://randomuser.me/api/portraits/men/83.jpg
1855,https://randomuser.me/api/portraits/men/88.jpg
1856,https://randomuser.me/api/portraits/women/30.jpg
1857,https://randomuser.me/api/portraits/women/5.jpg
1858,https://randomuser.me/api/portraits/men/65.jpg
1859,https://randomuser.me/api/portraits/women/28.jpg
1860,https://randomuser.me/api/portraits/men/52.jpg
1861,https://randomuser.me/api/portraits/men/23.jpg
1862,https://randomuser.me/api/portraits/men/34.jpg
1863,https://randomuser.me/api/portraits/men/3.jpg
1864,https://randomuser.me/api/portraits/men/80.jpg
1865,https://randomuser.me/api/portraits/women/29.jpg
1866,https://randomuser.me/api/portraits/men/68.jpg
1867,https://randomuser.me/api/portraits/women/78.jpg
1868,https://randomuser.me/api/portraits/men/27.jpg
1869,https://randomuser.me/api/portraits/women/48.jpg
1870,https://randomuser.me/api/portraits/women/15.jpg
1871,https://randomuser.me/api/portraits/women/41.jpg
1872,https://randomuser.me/api/portraits/men/25.jpg
1873,https://randomuser.me/api/portraits/women/28.jpg
1874,https://randomuser.me/api/portraits/women/31.jpg
1875,https://randomuser.me/api/portraits/men/18.jpg
1876,https://randomuser.me/api/portraits/women/45.jpg
1877,https://randomuser.me/api/portraits/women/21.jpg
1878,https://randomuser.me/api/portraits/women/93.jpg
1879,https://randomuser.me/api/portraits/men/24.jpg
1880,https://randomuser.me/api/portraits/women/70.jpg
1881,https://randomuser.me/api/portraits/men/25.jpg
1882,https://randomuser.me/api/portraits/men/14.jpg
1883,https://randomuser.me/api/portraits/men/62.jpg
1884,https://randomuser.me/api/portraits/men/80.jpg
1885,https://randomuser.me/api/portraits/men/67.jpg
1886,https://randomuser.me/api/portraits/men/32.jpg
1887,https://randomuser.me/api/portraits/men/0.jpg
1888,https://randomuser.me/api/portraits/women/67.jpg
1889,https://randomuser.me/api/portraits/men/54.jpg
1890,https://randomuser.me/api/portraits/women/42.jpg
1891,https://randomuser.me/api/portraits/men/59.jpg
1892,https://randomuser.me/api/portraits/women/14.jpg
1893,https://randomuser.me/api/portraits/men/37.jpg
1894,https://randomuser.me/api/portraits/men/93.jpg
1895,https://randomuser.me/api/portraits/women/38.jpg
1896,https://randomuser.me/api/portraits/men/6.jpg
1897,https://randomuser.me/api/portraits/men/19.jpg
1898,https://randomuser.me/api/portraits/men/18.jpg
1899,https://randomuser.me/api/portraits/women/39.jpg
1900,https://randomuser.me/api/portraits/men/54.jpg
1901,https://randomuser.me/api/portraits/men/25.jpg
1902,https://randomuser.me/api/portraits/men/3.jpg
1903,https://randomuser.me/api/portraits/men/47.jpg
1904,https://randomuser.me/api/portraits/men/17.jpg
1905,https://randomuser.me/api/portraits/men/72.jpg
1906,https://randomuser.me/api/portraits/men/48.jpg
1907,https://randomuser.me/api/portraits/men/1.jpg
1908,https://randomuser.me/api/portraits/men/0.jpg
1909,https://randomuser.me/api/portraits/men/18.jpg
1910,https://randomuser.me/api/portraits/women/78.jpg
1911,https://randomuser.me/api/portraits/women/96.jpg
1912,https://randomuser.me/api/portraits/men/42.jpg
1913,https://randomuser.me/api/portraits/men/58.jpg
1914,https://randomuser.me/api/portraits/women/31.jpg
1915,https://randomuser.me/api/portraits/women/76.jpg
1916,https://randomuser.me/api/portraits/women/78.jpg
1917,https://randomuser.me/api/portraits/men/77.jpg
1918,https://randomuser.me/api/portraits/men/37.jpg
1919,https://randomuser.me/api/portraits/men/31.jpg
1920,https://randomuser.me/api/portraits/women/32.jpg
1921,https://randomuser.me/api/portraits/women/92.jpg
1922,https://randomuser.me/api/portraits/men/70.jpg
1923,https://randomuser.me/api/portraits/men/15.jpg
1924,https://randomuser.me/api/portraits/women/61.jpg
1925,https://randomuser.me/api/portraits/men/19.jpg
1926,https://randomuser.me/api/portraits/men/86.jpg
1927,https://randomuser.me/api/portraits/women/26.jpg
1928,https://randomuser.me/api/portraits/men/18.jpg
1929,https://randomuser.me/api/portraits/women/53.jpg
1930,https://randomuser.me/api/portraits/women/33.jpg
1931,https://randomuser.me/api/portraits/women/55.jpg
1932,https://randomuser.me/api/portraits/women/76.jpg
1933,https://randomuser.me/api/portraits/women/24.jpg
1934,https://randomuser.me/api/portraits/women/50.jpg
1935,https://randomuser.me/api/portraits/men/96.jpg
1936,https://randomuser.me/api/portraits/men/6.jpg
1937,https://randomuser.me/api/portraits/women/57.jpg
1938,https://randomuser.me/api/portraits/men/77.jpg
1939,https://randomuser.me/api/portraits/men/77.jpg
1940,https://randomuser.me/api/portraits/women/42.jpg
1941,https://randomuser.me/api/portraits/women/23.jpg
1942,https://randomuser.me/api/portraits/women/36.jpg
1943,https://randomuser.me/api/portraits/men/70.jpg
1944,https://randomuser.me/api/portraits/men/36.jpg
1945,https://randomuser.me/api/portraits/women/51.jpg
1946,https://randomuser.me/api/portraits/men/96.jpg
1947,https://randomuser.me/api/portraits/men/9.jpg
1948,https://randomuser.me/api/portraits/men/60.jpg
1949,https://randomuser.me/api/portraits/women/19.jpg
1950,https://randomuser.me/api/portraits/men/46.jpg
1951,https://randomuser.me/api/portraits/men/69.jpg
1952,https://randomuser.me/api/portraits/women/57.jpg
1953,https://randomuser.me/api/portraits/women/33.jpg
1954,https://randomuser.me/api/portraits/women/25.jpg
1955,https://randomuser.me/api/portraits/men/86.jpg
1956,https://randomuser.me/api/portraits/men/29.jpg
1957,https://randomuser.me/api/portraits/women/19.jpg
1958,https://randomuser.me/api/portraits/men/37.jpg
1959,https://randomuser.me/api/portraits/women/69.jpg
1960,https://randomuser.me/api/portraits/women/5.jpg
1961,https://randomuser.me/api/portraits/women/82.jpg
1962,https://randomuser.me/api/portraits/men/34.jpg
1963,https://randomuser.me/api/portraits/men/78.jpg
1964,https://randomuser.me/api/portraits/women/79.jpg
1965,https://randomuser.me/api/portraits/men/58.jpg
1966,https://randomuser.me/api/portraits/men/37.jpg
1967,https://randomuser.me/api/portraits/women/31.jpg
1968,https://randomuser.me/api/portraits/men/59.jpg
1969,https://randomuser.me/api/portraits/men/79.jpg
1970,https://randomuser.me/api/portraits/men/13.jpg
1971,https://randomuser.me/api/portraits/women/36.jpg
1972,https://randomuser.me/api/portraits/women/49.jpg
1973,https://randomuser.me/api/portraits/men/9.jpg
1974,https://randomuser.me/api/portraits/women/27.jpg
1975,https://randomuser.me/api/portraits/men/45.jpg
1976,https://randomuser.me/api/portraits/women/64.jpg
1977,https://randomuser.me/api/portraits/men/29.jpg
1978,https://randomuser.me/api/portraits/women/9.jpg
1979,https://randomuser.me/api/portraits/women/23.jpg
1980,https://randomuser.me/api/portraits/men/31.jpg
1981,https://randomuser.me/api/portraits/men/55.jpg
1982,https://randomuser.me/api/portraits/women/24.jpg
1983,https://randomuser.me/api/portraits/men/2.jpg
1984,https://randomuser.me/api/portraits/men/94.jpg
1985,https://randomuser.me/api/portraits/men/37.jpg
1986,https://randomuser.me/api/portraits/men/34.jpg
1987,https://randomuser.me/api/portraits/men/66.jpg
1988,https://randomuser.me/api/portraits/women/7.jpg
1989,https://randomuser.me/api/portraits/men/44.jpg
1990,https://randomuser.me/api/portraits/women/4.jpg
1991,https://randomuser.me/api/portraits/men/20.jpg
1992,https://randomuser.me/api/portraits/women/25.jpg
1993,https://randomuser.me/api/portraits/men/42.jpg
1994,https://randomuser.me/api/portraits/women/3.jpg
1995,https://randomuser.me/api/portraits/women/60.jpg
1996,https://randomuser.me/api/portraits/men/43.jpg
1997,https://randomuser.me/api/portraits/women/62.jpg
1998,https://randomuser.me/api/portraits/men/70.jpg
1999,https://randomuser.me/api/portraits/men/94.jpg
2000,https://randomuser.me/api/portraits/men/21.jpg
2001,https://randomuser.me/api/portraits/women/14.jpg
2002,https://randomuser.me/api/portraits/women/35.jpg
2003,https://randomuser.me/api/portraits/women/63.jpg
2004,https://randomuser.me/api/portraits/men/78.jpg
2005,https://randomuser.me/api/portraits/men/11.jpg
2006,https://randomuser.me/api/portraits/men/16.jpg
2007,https://randomuser.me/api/portraits/men/1.jpg
2008,https://randomuser.me/api/portraits/women/80.jpg
2009,https://randomuser.me/api/portraits/women/14.jpg
2010,https://randomuser.me/api/portraits/men/21.jpg
2011,https://randomuser.me/api/portraits/men/23.jpg
2012,https://randomuser.me/api/portraits/men/80.jpg
2013,https://randomuser.me/api/portraits/men/1.jpg
2014,https://randomuser.me/api/portraits/women/4.jpg
2015,https://randomuser.me/api/portraits/men/42.jpg
2016,https://randomuser.me/api/portraits/men/27.jpg
2017,https://randomuser.me/api/portraits/men/14.jpg
2018,https://randomuser.me/api/portraits/women/13.jpg
2019,https://randomuser.me/api/portraits/women/74.jpg
2020,https://randomuser.me/api/portraits/women/12.jpg
2021,https://randomuser.me/api/portraits/women/38.jpg
2022,https://randomuser.me/api/portraits/women/47.jpg
2023,https://randomuser.me/api/portraits/men/89.jpg
2024,https://randomuser.me/api/portraits/women/39.jpg
2025,https://randomuser.me/api/portraits/women/48.jpg
2026,https://randomuser.me/api/portraits/men/64.jpg
2027,https://randomuser.me/api/portraits/women/44.jpg
2028,https://randomuser.me/api/portraits/women/3.jpg
2029,https://randomuser.me/api/portraits/women/0.jpg
2030,https://randomuser.me/api/portraits/women/60.jpg
2031,https://randomuser.me/api/portraits/men/46.jpg
2032,https://randomuser.me/api/portraits/men/79.jpg
2033,https://randomuser.me/api/portraits/women/11.jpg
2034,https://randomuser.me/api/portraits/men/55.jpg
2035,https://randomuser.me/api/portraits/women/45.jpg
2036,https://randomuser.me/api/portraits/men/88.jpg
2037,https://randomuser.me/api/portraits/men/70.jpg
2038,https://randomuser.me/api/portraits/men/43.jpg
2039,https://randomuser.me/api/portraits/women/57.jpg
2040,https://randomuser.me/api/portraits/men/69.jpg
2041,https://randomuser.me/api/portraits/men/23.jpg
2042,https://randomuser.me/api/portraits/men/93.jpg
2043,https://randomuser.me/api/portraits/men/69.jpg
2044,https://randomuser.me/api/portraits/women/16.jpg
2045,https://randomuser.me/api/portraits/women/90.jpg
2046,https://randomuser.me/api/portraits/men/3.jpg
2047,https://randomuser.me/api/portraits/women/3.jpg
2048,https://randomuser.me/api/portraits/men/55.jpg
2049,https://randomuser.me/api/portraits/women/27.jpg
2050,https://randomuser.me/api/portraits/women/37.jpg
2051,https://randomuser.me/api/portraits/women/22.jpg
2052,https://randomuser.me/api/portraits/women/17.jpg
2053,https://randomuser.me/api/portraits/women/92.jpg
2054,https://randomuser.me/api/portraits/women/74.jpg
2055,https://randomuser.me/api/portraits/women/26.jpg
2056,https://randomuser.me/api/portraits/women/41.jpg
2057,https://randomuser.me/api/portraits/women/69.jpg
2058,https://randomuser.me/api/portraits/men/64.jpg
2059,https://randomuser.me/api/portraits/men/72.jpg
2060,https://randomuser.me/api/portraits/men/92.jpg
2061,https://randomuser.me/api/portraits/men/95.jpg
2062,https://randomuser.me/api/portraits/men/79.jpg
2063,https://randomuser.me/api/portraits/women/31.jpg
2064,https://randomuser.me/api/portraits/women/46.jpg
2065,https://randomuser.me/api/portraits/men/7.jpg
2066,https://randomuser.me/api/portraits/women/15.jpg
2067,https://randomuser.me/api/portraits/women/31.jpg
2068,https://randomuser.me/api/portraits/men/39.jpg
2069,https://randomuser.me/api/portraits/women/15.jpg
2070,https://randomuser.me/api/portraits/men/99.jpg
2071,https://randomuser.me/api/portraits/men/84.jpg
2072,https://randomuser.me/api/portraits/men/91.jpg
2073,https://randomuser.me/api/portraits/women/51.jpg
2074,https://randomuser.me/api/portraits/men/44.jpg
2075,https://randomuser.me/api/portraits/men/8.jpg
2076,https://randomuser.me/api/portraits/women/24.jpg
2077,https://randomuser.me/api/portraits/men/71.jpg
2078,https://randomuser.me/api/portraits/women/45.jpg
2079,https://randomuser.me/api/portraits/women/56.jpg
2080,https://randomuser.me/api/portraits/men/20.jpg
2081,https://randomuser.me/api/portraits/women/22.jpg
2082,https://randomuser.me/api/portraits/men/53.jpg
2083,https://randomuser.me/api/portraits/women/6.jpg
2084,https://randomuser.me/api/portraits/women/8.jpg
2085,https://randomuser.me/api/portraits/women/80.jpg
2086,https://randomuser.me/api/portraits/men/5.jpg
2087,https://randomuser.me/api/portraits/men/76.jpg
2088,https://randomuser.me/api/portraits/men/85.jpg
2089,https://randomuser.me/api/portraits/men/57.jpg
2090,https://randomuser.me/api/portraits/women/5.jpg
2091,https://randomuser.me/api/portraits/women/55.jpg
2092,https://randomuser.me/api/portraits/men/94.jpg
2093,https://randomuser.me/api/portraits/women/50.jpg
2094,https://randomuser.me/api/portraits/women/65.jpg
2095,https://randomuser.me/api/portraits/women/14.jpg
2096,https://randomuser.me/api/portraits/men/32.jpg
2097,https://randomuser.me/api/portraits/men/0.jpg
2098,https://randomuser.me/api/portraits/women/80.jpg
2099,https://randomuser.me/api/portraits/men/33.jpg
2100,https://randomuser.me/api/portraits/women/11.jpg
2101,https://randomuser.me/api/portraits/men/15.jpg
2102,https://randomuser.me/api/portraits/women/25.jpg
2103,https://randomuser.me/api/portraits/women/10.jpg
2104,https://randomuser.me/api/portraits/women/15.jpg
2105,https://randomuser.me/api/portraits/men/72.jpg
2106,https://randomuser.me/api/portraits/women/68.jpg
2107,https://randomuser.me/api/portraits/men/38.jpg
2108,https://randomuser.me/api/portraits/men/92.jpg
2109,https://randomuser.me/api/portraits/men/4.jpg
2110,https://randomuser.me/api/portraits/women/59.jpg
2111,https://randomuser.me/api/portraits/men/83.jpg
2112,https://randomuser.me/api/portraits/women/0.jpg
2113,https://randomuser.me/api/portraits/women/68.jpg
2114,https://randomuser.me/api/portraits/men/34.jpg
2115,https://randomuser.me/api/portraits/women/43.jpg
2116,https://randomuser.me/api/portraits/men/63.jpg
2117,https://randomuser.me/api/portraits/men/87.jpg
2118,https://randomuser.me/api/portraits/women/43.jpg
2119,https://randomuser.me/api/portraits/women/31.jpg
2120,https://randomuser.me/api/portraits/women/0.jpg
2121,https://randomuser.me/api/portraits/women/65.jpg
2122,https://randomuser.me/api/portraits/men/28.jpg
2123,https://randomuser.me/api/portraits/men/91.jpg
2124,https://randomuser.me/api/portraits/women/52.jpg
2125,https://randomuser.me/api/portraits/men/88.jpg
2126,https://randomuser.me/api/portraits/men/20.jpg
2127,https://randomuser.me/api/portraits/women/38.jpg
2128,https://randomuser.me/api/portraits/women/32.jpg
2129,https://randomuser.me/api/portraits/men/92.jpg
2130,https://randomuser.me/api/portraits/men/4.jpg
2131,https://randomuser.me/api/portraits/men/38.jpg
2132,https://randomuser.me/api/portraits/men/15.jpg
2133,https://randomuser.me/api/portraits/men/79.jpg
2134,https://randomuser.me/api/portraits/women/20.jpg
2135,https://randomuser.me/api/portraits/women/92.jpg
2136,https://randomuser.me/api/portraits/women/88.jpg
2137,https://randomuser.me/api/portraits/women/5.jpg
2138,https://randomuser.me/api/portraits/men/85.jpg
2139,https://randomuser.me/api/portraits/men/66.jpg
2140,https://randomuser.me/api/portraits/women/25.jpg
2141,https://randomuser.me/api/portraits/women/95.jpg
2142,https://randomuser.me/api/portraits/men/9.jpg
2143,https://randomuser.me/api/portraits/men/95.jpg
2144,https://randomuser.me/api/portraits/men/86.jpg
2145,https://randomuser.me/api/portraits/men/76.jpg
2146,https://randomuser.me/api/portraits/men/73.jpg
2147,https://randomuser.me/api/portraits/men/50.jpg
2148,https://randomuser.me/api/portraits/women/76.jpg
2149,https://randomuser.me/api/portraits/women/88.jpg
2150,https://randomuser.me/api/portraits/men/97.jpg
2151,https://randomuser.me/api/portraits/women/16.jpg
2152,https://randomuser.me/api/portraits/men/93.jpg
2153,https://randomuser.me/api/portraits/men/55.jpg
2154,https://randomuser.me/api/portraits/women/10.jpg
2155,https://randomuser.me/api/portraits/women/88.jpg
2156,https://randomuser.me/api/portraits/women/94.jpg
2157,https://randomuser.me/api/portraits/men/50.jpg
2158,https://randomuser.me/api/portraits/men/72.jpg
2159,https://randomuser.me/api/portraits/men/47.jpg
2160,https://randomuser.me/api/portraits/women/42.jpg
2161,https://randomuser.me/api/portraits/women/20.jpg
2162,https://randomuser.me/api/portraits/women/88.jpg
2163,https://randomuser.me/api/portraits/women/27.jpg
2164,https://randomuser.me/api/portraits/women/84.jpg
2165,https://randomuser.me/api/portraits/men/53.jpg
2166,https://randomuser.me/api/portraits/men/26.jpg
2167,https://randomuser.me/api/portraits/women/46.jpg
2168,https://randomuser.me/api/portraits/women/22.jpg
2169,https://randomuser.me/api/portraits/women/35.jpg
2170,https://randomuser.me/api/portraits/women/8.jpg
2171,https://randomuser.me/api/portraits/men/54.jpg
2172,https://randomuser.me/api/portraits/men/57.jpg
2173,https://randomuser.me/api/portraits/men/24.jpg
2174,https://randomuser.me/api/portraits/women/32.jpg
2175,https://randomuser.me/api/portraits/men/11.jpg
2176,https://randomuser.me/api/portraits/men/37.jpg
2177,https://randomuser.me/api/portraits/men/48.jpg
2178,https://randomuser.me/api/portraits/women/65.jpg
2179,https://randomuser.me/api/portraits/women/38.jpg
2180,https://randomuser.me/api/portraits/men/13.jpg
2181,https://randomuser.me/api/portraits/men/13.jpg
2182,https://randomuser.me/api/portraits/men/17.jpg
2183,https://randomuser.me/api/portraits/men/47.jpg
2184,https://randomuser.me/api/portraits/men/76.jpg
2185,https://randomuser.me/api/portraits/women/77.jpg
2186,https://randomuser.me/api/portraits/women/80.jpg
2187,https://randomuser.me/api/portraits/men/79.jpg
2188,https://randomuser.me/api/portraits/women/76.jpg
2189,https://randomuser.me/api/portraits/women/39.jpg
2190,https://randomuser.me/api/portraits/men/64.jpg
2191,https://randomuser.me/api/portraits/women/39.jpg
2192,https://randomuser.me/api/portraits/men/34.jpg
2193,https://randomuser.me/api/portraits/women/5.jpg
2194,https://randomuser.me/api/portraits/women/73.jpg
2195,https://randomuser.me/api/portraits/men/10.jpg
2196,https://randomuser.me/api/portraits/women/61.jpg
2197,https://randomuser.me/api/portraits/men/60.jpg
2198,https://randomuser.me/api/portraits/women/20.jpg
2199,https://randomuser.me/api/portraits/women/54.jpg
2200,https://randomuser.me/api/portraits/women/65.jpg
2201,https://randomuser.me/api/portraits/men/64.jpg
2202,https://randomuser.me/api/portraits/men/27.jpg
2203,https://randomuser.me/api/portraits/women/33.jpg
2204,https://randomuser.me/api/portraits/women/45.jpg
2205,https://randomuser.me/api/portraits/men/26.jpg
2206,https://randomuser.me/api/portraits/men/25.jpg
2207,https://randomuser.me/api/portraits/men/41.jpg
2208,https://randomuser.me/api/portraits/women/80.jpg
2209,https://randomuser.me/api/portraits/men/45.jpg
2210,https://randomuser.me/api/portraits/women/16.jpg
2211,https://randomuser.me/api/portraits/men/7.jpg
2212,https://randomuser.me/api/portraits/women/84.jpg
2213,https://randomuser.me/api/portraits/men/7.jpg
2214,https://randomuser.me/api/portraits/women/72.jpg
2215,https://randomuser.me/api/portraits/men/52.jpg
2216,https://randomuser.me/api/portraits/men/21.jpg
2217,https://randomuser.me/api/portraits/women/84.jpg
2218,https://randomuser.me/api/portraits/women/68.jpg
2219,https://randomuser.me/api/portraits/men/28.jpg
2220,https://randomuser.me/api/portraits/men/90.jpg
2221,https://randomuser.me/api/portraits/women/82.jpg
2222,https://randomuser.me/api/portraits/men/57.jpg
2223,https://randomuser.me/api/portraits/women/96.jpg
2224,https://randomuser.me/api/portraits/men/65.jpg
2225,https://randomuser.me/api/portraits/women/14.jpg
2226,https://randomuser.me/api/portraits/women/68.jpg
2227,https://randomuser.me/api/portraits/men/75.jpg
2228,https://randomuser.me/api/portraits/men/12.jpg
2229,https://randomuser.me/api/portraits/women/84.jpg
2230,https://randomuser.me/api/portraits/men/83.jpg
2231,https://randomuser.me/api/portraits/men/99.jpg
2232,https://randomuser.me/api/portraits/women/88.jpg
2233,https://randomuser.me/api/portraits/men/11.jpg
2234,https://randomuser.me/api/portraits/women/16.jpg
2235,https://randomuser.me/api/portraits/men/1.jpg
2236,https://randomuser.me/api/portraits/women/65.jpg
2237,https://randomuser.me/api/portraits/women/71.jpg
2238,https://randomuser.me/api/portraits/women/89.jpg
2239,https://randomuser.me/api/portraits/women/39.jpg
2240,https://randomuser.me/api/portraits/men/71.jpg
2241,https://randomuser.me/api/portraits/women/20.jpg
2242,https://randomuser.me/api/portraits/women/31.jpg
2243,https://randomuser.me/api/portraits/women/26.jpg
2244,https://randomuser.me/api/portraits/women/6.jpg
2245,https://randomuser.me/api/portraits/women/71.jpg
2246,https://randomuser.me/api/portraits/women/29.jpg
2247,https://randomuser.me/api/portraits/women/96.jpg
2248,https://randomuser.me/api/portraits/women/78.jpg
2249,https://randomuser.me/api/portraits/women/6.jpg
2250,https://randomuser.me/api/portraits/men/91.jpg
2251,https://randomuser.me/api/portraits/women/32.jpg
2252,https://randomuser.me/api/portraits/women/50.jpg
2253,https://randomuser.me/api/portraits/women/80.jpg
2254,https://randomuser.me/api/portraits/women/63.jpg
2255,https://randomuser.me/api/portraits/men/77.jpg
2256,https://randomuser.me/api/portraits/women/84.jpg
2257,https://randomuser.me/api/portraits/men/77.jpg
2258,https://randomuser.me/api/portraits/men/46.jpg
2259,https://randomuser.me/api/portraits/men/62.jpg
2260,https://randomuser.me/api/portraits/women/78.jpg
2261,https://randomuser.me/api/portraits/women/62.jpg
2262,https://randomuser.me/api/portraits/women/28.jpg
2263,https://randomuser.me/api/portraits/women/41.jpg
2264,https://randomuser.me/api/portraits/women/60.jpg
2265,https://randomuser.me/api/portraits/women/51.jpg
2266,https://randomuser.me/api/portraits/women/93.jpg
2267,https://randomuser.me/api/portraits/men/35.jpg
2268,https://randomuser.me/api/portraits/men/10.jpg
2269,https://randomuser.me/api/portraits/women/30.jpg
2270,https://randomuser.me/api/portraits/men/90.jpg
2271,https://randomuser.me/api/portraits/men/2.jpg
2272,https://randomuser.me/api/portraits/men/84.jpg
2273,https://randomuser.me/api/portraits/women/33.jpg
2274,https://randomuser.me/api/portraits/women/22.jpg
2275,https://randomuser.me/api/portraits/men/55.jpg
2276,https://randomuser.me/api/portraits/men/73.jpg
2277,https://randomuser.me/api/portraits/women/35.jpg
2278,https://randomuser.me/api/portraits/women/41.jpg
2279,https://randomuser.me/api/portraits/men/85.jpg
2280,https://randomuser.me/api/portraits/women/13.jpg
2281,https://randomuser.me/api/portraits/women/42.jpg
2282,https://randomuser.me/api/portraits/women/77.jpg
2283,https://randomuser.me/api/portraits/women/36.jpg
2284,https://randomuser.me/api/portraits/men/86.jpg
2285,https://randomuser.me/api/portraits/men/77.jpg
2286,https://randomuser.me/api/portraits/women/15.jpg
2287,https://randomuser.me/api/portraits/men/92.jpg
2288,https://randomuser.me/api/portraits/men/73.jpg
2289,https://randomuser.me/api/portraits/men/50.jpg
2290,https://randomuser.me/api/portraits/women/60.jpg
2291,https://randomuser.me/api/portraits/men/17.jpg
2292,https://randomuser.me/api/portraits/women/56.jpg
2293,https://randomuser.me/api/portraits/women/23.jpg
2294,https://randomuser.me/api/portraits/women/66.jpg
2295,https://randomuser.me/api/portraits/women/38.jpg
2296,https://randomuser.me/api/portraits/women/25.jpg
2297,https://randomuser.me/api/portraits/men/77.jpg
2298,https://randomuser.me/api/portraits/women/59.jpg
2299,https://randomuser.me/api/portraits/women/68.jpg
2300,https://randomuser.me/api/portraits/women/30.jpg
2301,https://randomuser.me/api/portraits/men/90.jpg
2302,https://randomuser.me/api/portraits/women/66.jpg
2303,https://randomuser.me/api/portraits/men/78.jpg
2304,https://randomuser.me/api/portraits/women/0.jpg
2305,https://randomuser.me/api/portraits/women/19.jpg
2306,https://randomuser.me/api/portraits/women/80.jpg
2307,https://randomuser.me/api/portraits/women/68.jpg
2308,https://randomuser.me/api/portraits/men/82.jpg
2309,https://randomuser.me/api/portraits/men/94.jpg
2310,https://randomuser.me/api/portraits/women/8.jpg
2311,https://randomuser.me/api/portraits/men/85.jpg
2312,https://randomuser.me/api/portraits/women/93.jpg
2313,https://randomuser.me/api/portraits/men/32.jpg
2314,https://randomuser.me/api/portraits/women/18.jpg
2315,https://randomuser.me/api/portraits/women/49.jpg
2316,https://randomuser.me/api/portraits/men/21.jpg
2317,https://randomuser.me/api/portraits/men/71.jpg
2318,https://randomuser.me/api/portraits/women/44.jpg
2319,https://randomuser.me/api/portraits/women/16.jpg
2320,https://randomuser.me/api/portraits/men/80.jpg
2321,https://randomuser.me/api/portraits/men/11.jpg
2322,https://randomuser.me/api/portraits/men/6.jpg
2323,https://randomuser.me/api/portraits/men/29.jpg
2324,https://randomuser.me/api/portraits/women/13.jpg
2325,https://randomuser.me/api/portraits/men/53.jpg
2326,https://randomuser.me/api/portraits/men/4.jpg
2327,https://randomuser.me/api/portraits/men/2.jpg
2328,https://randomuser.me/api/portraits/women/6.jpg
2329,https://randomuser.me/api/portraits/women/22.jpg
2330,https://randomuser.me/api/portraits/men/15.jpg
2331,https://randomuser.me/api/portraits/men/3.jpg
2332,https://randomuser.me/api/portraits/men/25.jpg
2333,https://randomuser.me/api/portraits/men/2.jpg
2334,https://randomuser.me/api/portraits/men/8.jpg
2335,https://randomuser.me/api/portraits/women/67.jpg
2336,https://randomuser.me/api/portraits/women/92.jpg
2337,https://randomuser.me/api/portraits/women/25.jpg
2338,https://randomuser.me/api/portraits/women/70.jpg
2339,https://randomuser.me/api/portraits/men/1.jpg
2340,https://randomuser.me/api/portraits/women/71.jpg
2341,https://randomuser.me/api/portraits/men/63.jpg
2342,https://randomuser.me/api/portraits/men/81.jpg
2343,https://randomuser.me/api/portraits/men/74.jpg
2344,https://randomuser.me/api/portraits/men/65.jpg
2345,https://randomuser.me/api/portraits/men/17.jpg
2346,https://randomuser.me/api/portraits/men/78.jpg
2347,https://randomuser.me/api/portraits/men/34.jpg
2348,https://randomuser.me/api/portraits/women/5.jpg
2349,https://randomuser.me/api/portraits/men/73.jpg
2350,https://randomuser.me/api/portraits/women/86.jpg
2351,https://randomuser.me/api/portraits/women/69.jpg
2352,https://randomuser.me/api/portraits/women/45.jpg
2353,https://randomuser.me/api/portraits/women/88.jpg
2354,https://randomuser.me/api/portraits/women/85.jpg
2355,https://randomuser.me/api/portraits/women/24.jpg
2356,https://randomuser.me/api/portraits/women/54.jpg
2357,https://randomuser.me/api/portraits/women/84.jpg
2358,https://randomuser.me/api/portraits/men/56.jpg
2359,https://randomuser.me/api/portraits/women/31.jpg
2360,https://randomuser.me/api/portraits/women/38.jpg
2361,https://randomuser.me/api/portraits/women/31.jpg
2362,https://randomuser.me/api/portraits/men/84.jpg
2363,https://randomuser.me/api/portraits/women/90.jpg
2364,https://randomuser.me/api/portraits/women/74.jpg
2365,https://randomuser.me/api/portraits/women/78.jpg
2366,https://randomuser.me/api/portraits/men/59.jpg
2367,https://randomuser.me/api/portraits/women/24.jpg
2368,https://randomuser.me/api/portraits/women/85.jpg
2369,https://randomuser.me/api/portraits/men/34.jpg
2370,https://randomuser.me/api/portraits/men/47.jpg
2371,https://randomuser.me/api/portraits/men/87.jpg
2372,https://randomuser.me/api/portraits/men/88.jpg
2373,https://randomuser.me/api/portraits/women/15.jpg
2374,https://randomuser.me/api/portraits/men/23.jpg
2375,https://randomuser.me/api/portraits/women/20.jpg
2376,https://randomuser.me/api/portraits/men/44.jpg
2377,https://randomuser.me/api/portraits/women/92.jpg
2378,https://randomuser.me/api/portraits/women/93.jpg
2379,https://randomuser.me/api/portraits/men/57.jpg
2380,https://randomuser.me/api/portraits/men/86.jpg
2381,https://randomuser.me/api/portraits/men/1.jpg
2382,https://randomuser.me/api/portraits/men/28.jpg
2383,https://randomuser.me/api/portraits/women/69.jpg
2384,https://randomuser.me/api/portraits/women/6.jpg
2385,https://randomuser.me/api/portraits/women/95.jpg
2386,https://randomuser.me/api/portraits/men/99.jpg
2387,https://randomuser.me/api/portraits/men/11.jpg
2388,https://randomuser.me/api/portraits/women/77.jpg
2389,https://randomuser.me/api/portraits/men/87.jpg
2390,https://randomuser.me/api/portraits/women/65.jpg
2391,https://randomuser.me/api/portraits/men/91.jpg
2392,https://randomuser.me/api/portraits/men/28.jpg
2393,https://randomuser.me/api/portraits/men/55.jpg
2394,https://randomuser.me/api/portraits/men/38.jpg
2395,https://randomuser.me/api/portraits/men/74.jpg
2396,https://randomuser.me/api/portraits/women/62.jpg
2397,https://randomuser.me/api/portraits/men/47.jpg
2398,https://randomuser.me/api/portraits/men/18.jpg
2399,https://randomuser.me/api/portraits/women/4.jpg
2400,https://randomuser.me/api/portraits/men/28.jpg
2401,https://randomuser.me/api/portraits/men/7.jpg
2402,https://randomuser.me/api/portraits/men/17.jpg
2403,https://randomuser.me/api/portraits/men/14.jpg
2404,https://randomuser.me/api/portraits/women/34.jpg
2405,https://randomuser.me/api/portraits/women/62.jpg
2406,https://randomuser.me/api/portraits/men/27.jpg
2407,https://randomuser.me/api/portraits/women/57.jpg
2408,https://randomuser.me/api/portraits/men/42.jpg
2409,https://randomuser.me/api/portraits/women/6.jpg
2410,https://randomuser.me/api/portraits/men/3.jpg
2411,https://randomuser.me/api/portraits/men/22.jpg
2412,https://randomuser.me/api/portraits/men/77.jpg
2413,https://randomuser.me/api/portraits/women/15.jpg
2414,https://randomuser.me/api/portraits/men/83.jpg
2415,https://randomuser.me/api/portraits/men/20.jpg
2416,https://randomuser.me/api/portraits/women/20.jpg
2417,https://randomuser.me/api/portraits/women/48.jpg
2418,https://randomuser.me/api/portraits/women/28.jpg
2419,https://randomuser.me/api/portraits/women/92.jpg
2420,https://randomuser.me/api/portraits/men/71.jpg
2421,https://randomuser.me/api/portraits/women/38.jpg
2422,https://randomuser.me/api/portraits/men/72.jpg
2423,https://randomuser.me/api/portraits/men/38.jpg
2424,https://randomuser.me/api/portraits/men/97.jpg
2425,https://randomuser.me/api/portraits/men/18.jpg
2426,https://randomuser.me/api/portraits/men/90.jpg
2427,https://randomuser.me/api/portraits/women/53.jpg
2428,https://randomuser.me/api/portraits/women/83.jpg
2429,https://randomuser.me/api/portraits/women/9.jpg
2430,https://randomuser.me/api/portraits/men/97.jpg
2431,https://randomuser.me/api/portraits/men/54.jpg
2432,https://randomuser.me/api/portraits/women/50.jpg
2433,https://randomuser.me/api/portraits/men/14.jpg
2434,https://randomuser.me/api/portraits/women/34.jpg
2435,https://randomuser.me/api/portraits/men/86.jpg
2436,https://randomuser.me/api/portraits/women/20.jpg
2437,https://randomuser.me/api/portraits/women/53.jpg
2438,https://randomuser.me/api/portraits/women/67.jpg
2439,https://randomuser.me/api/portraits/men/17.jpg
2440,https://randomuser.me/api/portraits/men/29.jpg
2441,https://randomuser.me/api/portraits/men/66.jpg
2442,https://randomuser.me/api/portraits/men/46.jpg
2443,https://randomuser.me/api/portraits/men/3.jpg
2444,https://randomuser.me/api/portraits/men/46.jpg
2445,https://randomuser.me/api/portraits/men/23.jpg
2446,https://randomuser.me/api/portraits/women/44.jpg
2447,https://randomuser.me/api/portraits/men/38.jpg
2448,https://randomuser.me/api/portraits/women/30.jpg
2449,https://randomuser.me/api/portraits/women/59.jpg
2450,https://randomuser.me/api/portraits/women/73.jpg
2451,https://randomuser.me/api/portraits/men/48.jpg
2452,https://randomuser.me/api/portraits/men/41.jpg
2453,https://randomuser.me/api/portraits/women/47.jpg
2454,https://randomuser.me/api/portraits/women/79.jpg
2455,https://randomuser.me/api/portraits/men/82.jpg
2456,https://randomuser.me/api/portraits/women/92.jpg
2457,https://randomuser.me/api/portraits/women/27.jpg
2458,https://randomuser.me/api/portraits/men/64.jpg
2459,https://randomuser.me/api/portraits/men/12.jpg
2460,https://randomuser.me/api/portraits/men/56.jpg
2461,https://randomuser.me/api/portraits/women/26.jpg
2462,https://randomuser.me/api/portraits/women/58.jpg
2463,https://randomuser.me/api/portraits/men/24.jpg
2464,https://randomuser.me/api/portraits/men/53.jpg
2465,https://randomuser.me/api/portraits/women/6.jpg
2466,https://randomuser.me/api/portraits/men/3.jpg
2467,https://randomuser.me/api/portraits/men/79.jpg
2468,https://randomuser.me/api/portraits/women/90.jpg
2469,https://randomuser.me/api/portraits/men/58.jpg
2470,https://randomuser.me/api/portraits/men/34.jpg
2471,https://randomuser.me/api/portraits/men/33.jpg
2472,https://randomuser.me/api/portraits/men/84.jpg
2473,https://randomuser.me/api/portraits/men/38.jpg
2474,https://randomuser.me/api/portraits/men/27.jpg
2475,https://randomuser.me/api/portraits/women/68.jpg
2476,https://randomuser.me/api/portraits/men/36.jpg
2477,https://randomuser.me/api/portraits/women/67.jpg
2478,https://randomuser.me/api/portraits/women/14.jpg
2479,https://randomuser.me/api/portraits/men/69.jpg
2480,https://randomuser.me/api/portraits/men/84.jpg
2481,https://randomuser.me/api/portraits/men/15.jpg
2482,https://randomuser.me/api/portraits/men/94.jpg
2483,https://randomuser.me/api/portraits/women/43.jpg
2484,https://randomuser.me/api/portraits/women/48.jpg
2485,https://randomuser.me/api/portraits/women/89.jpg
2486,https://randomuser.me/api/portraits/women/7.jpg
2487,https://randomuser.me/api/portraits/men/87.jpg
2488,https://randomuser.me/api/portraits/men/82.jpg
2489,https://randomuser.me/api/portraits/men/6.jpg
2490,https://randomuser.me/api/portraits/men/10.jpg
2491,https://randomuser.me/api/portraits/women/28.jpg
2492,https://randomuser.me/api/portraits/women/76.jpg
2493,https://randomuser.me/api/portraits/women/75.jpg
2494,https://randomuser.me/api/portraits/women/18.jpg
2495,https://randomuser.me/api/portraits/men/76.jpg
2496,https://randomuser.me/api/portraits/men/45.jpg
2497,https://randomuser.me/api/portraits/women/70.jpg
2498,https://randomuser.me/api/portraits/women/64.jpg
2499,https://randomuser.me/api/portraits/men/42.jpg
2500,https://randomuser.me/api/portraits/men/32.jpg
2501,https://randomuser.me/api/portraits/women/75.jpg
2502,https://randomuser.me/api/portraits/men/71.jpg
2503,https://randomuser.me/api/portraits/women/47.jpg
2504,https://randomuser.me/api/portraits/men/4.jpg
2505,https://randomuser.me/api/portraits/men/3.jpg
2506,https://randomuser.me/api/portraits/women/78.jpg
2507,https://randomuser.me/api/portraits/women/31.jpg
2508,https://randomuser.me/api/portraits/women/15.jpg
2509,https://randomuser.me/api/portraits/women/27.jpg
2510,https://randomuser.me/api/portraits/women/63.jpg
2511,https://randomuser.me/api/portraits/men/75.jpg
2512,https://randomuser.me/api/portraits/men/94.jpg
2513,https://randomuser.me/api/portraits/men/77.jpg
2514,https://randomuser.me/api/portraits/men/67.jpg
2515,https://randomuser.me/api/portraits/women/37.jpg
2516,https://randomuser.me/api/portraits/men/14.jpg
2517,https://randomuser.me/api/portraits/men/66.jpg
2518,https://randomuser.me/api/portraits/men/61.jpg
2519,https://randomuser.me/api/portraits/men/10.jpg
2520,https://randomuser.me/api/portraits/men/59.jpg
2521,https://randomuser.me/api/portraits/men/19.jpg
2522,https://randomuser.me/api/portraits/men/30.jpg
2523,https://randomuser.me/api/portraits/men/17.jpg
2524,https://randomuser.me/api/portraits/women/93.jpg
2525,https://randomuser.me/api/portraits/women/39.jpg
2526,https://randomuser.me/api/portraits/women/52.jpg
2527,https://randomuser.me/api/portraits/men/75.jpg
2528,https://randomuser.me/api/portraits/men/77.jpg
2529,https://randomuser.me/api/portraits/men/74.jpg
2530,https://randomuser.me/api/portraits/women/88.jpg
2531,https://randomuser.me/api/portraits/men/52.jpg
2532,https://randomuser.me/api/portraits/men/23.jpg
2533,https://randomuser.me/api/portraits/men/96.jpg
2534,https://randomuser.me/api/portraits/men/4.jpg
2535,https://randomuser.me/api/portraits/women/15.jpg
2536,https://randomuser.me/api/portraits/men/80.jpg
2537,https://randomuser.me/api/portraits/women/38.jpg
2538,https://randomuser.me/api/portraits/men/23.jpg
2539,https://randomuser.me/api/portraits/men/47.jpg
2540,https://randomuser.me/api/portraits/women/21.jpg
2541,https://randomuser.me/api/portraits/men/76.jpg
2542,https://randomuser.me/api/portraits/women/17.jpg
2543,https://randomuser.me/api/portraits/women/6.jpg
2544,https://randomuser.me/api/portraits/men/66.jpg
2545,https://randomuser.me/api/portraits/women/85.jpg
2546,https://randomuser.me/api/portraits/men/47.jpg
2547,https://randomuser.me/api/portraits/women/74.jpg
2548,https://randomuser.me/api/portraits/men/89.jpg
2549,https://randomuser.me/api/portraits/men/60.jpg
2550,https://randomuser.me/api/portraits/women/18.jpg
2551,https://randomuser.me/api/portraits/women/8.jpg
2552,https://randomuser.me/api/portraits/men/17.jpg
2553,https://randomuser.me/api/portraits/women/93.jpg
2554,https://randomuser.me/api/portraits/men/11.jpg
2555,https://randomuser.me/api/portraits/women/90.jpg
2556,https://randomuser.me/api/portraits/women/29.jpg
2557,https://randomuser.me/api/portraits/men/93.jpg
2558,https://randomuser.me/api/portraits/women/50.jpg
2559,https://randomuser.me/api/portraits/men/69.jpg
2560,https://randomuser.me/api/portraits/women/28.jpg
2561,https://randomuser.me/api/portraits/women/85.jpg
2562,https://randomuser.me/api/portraits/women/81.jpg
2563,https://randomuser.me/api/portraits/women/58.jpg
2564,https://randomuser.me/api/portraits/men/39.jpg
2565,https://randomuser.me/api/portraits/women/88.jpg
2566,https://randomuser.me/api/portraits/men/36.jpg
2567,https://randomuser.me/api/portraits/women/54.jpg
2568,https://randomuser.me/api/portraits/men/58.jpg
2569,https://randomuser.me/api/portraits/women/87.jpg
2570,https://randomuser.me/api/portraits/women/27.jpg
2571,https://randomuser.me/api/portraits/men/76.jpg
2572,https://randomuser.me/api/portraits/men/76.jpg
2573,https://randomuser.me/api/portraits/women/0.jpg
2574,https://randomuser.me/api/portraits/women/26.jpg
2575,https://randomuser.me/api/portraits/men/35.jpg
2576,https://randomuser.me/api/portraits/men/73.jpg
2577,https://randomuser.me/api/portraits/women/59.jpg
2578,https://randomuser.me/api/portraits/men/40.jpg
2579,https://randomuser.me/api/portraits/men/72.jpg
2580,https://randomuser.me/api/portraits/men/54.jpg
2581,https://randomuser.me/api/portraits/women/11.jpg
2582,https://randomuser.me/api/portraits/men/18.jpg
2583,https://randomuser.me/api/portraits/women/9.jpg
2584,https://randomuser.me/api/portraits/men/32.jpg
2585,https://randomuser.me/api/portraits/men/95.jpg
2586,https://randomuser.me/api/portraits/men/46.jpg
2587,https://randomuser.me/api/portraits/women/75.jpg
2588,https://randomuser.me/api/portraits/women/44.jpg
2589,https://randomuser.me/api/portraits/men/70.jpg
2590,https://randomuser.me/api/portraits/women/81.jpg
2591,https://randomuser.me/api/portraits/women/17.jpg
2592,https://randomuser.me/api/portraits/men/3.jpg
2593,https://randomuser.me/api/portraits/women/91.jpg
2594,https://randomuser.me/api/portraits/men/28.jpg
2595,https://randomuser.me/api/portraits/women/53.jpg
2596,https://randomuser.me/api/portraits/men/34.jpg
2597,https://randomuser.me/api/portraits/men/1.jpg
2598,https://randomuser.me/api/portraits/men/40.jpg
2599,https://randomuser.me/api/portraits/men/1.jpg
2600,https://randomuser.me/api/portraits/women/84.jpg
2601,https://randomuser.me/api/portraits/women/94.jpg
2602,https://randomuser.me/api/portraits/women/32.jpg
2603,https://randomuser.me/api/portraits/women/88.jpg
2604,https://randomuser.me/api/portraits/men/24.jpg
2605,https://randomuser.me/api/portraits/men/30.jpg
2606,https://randomuser.me/api/portraits/women/70.jpg
2607,https://randomuser.me/api/portraits/women/57.jpg
2608,https://randomuser.me/api/portraits/men/2.jpg
2609,https://randomuser.me/api/portraits/men/13.jpg
2610,https://randomuser.me/api/portraits/men/11.jpg
2611,https://randomuser.me/api/portraits/women/62.jpg
2612,https://randomuser.me/api/portraits/women/13.jpg
2613,https://randomuser.me/api/portraits/women/88.jpg
2614,https://randomuser.me/api/portraits/men/88.jpg
2615,https://randomuser.me/api/portraits/men/81.jpg
2616,https://randomuser.me/api/portraits/men/84.jpg
2617,https://randomuser.me/api/portraits/women/80.jpg
2618,https://randomuser.me/api/portraits/men/33.jpg
2619,https://randomuser.me/api/portraits/women/2.jpg
2620,https://randomuser.me/api/portraits/women/88.jpg
2621,https://randomuser.me/api/portraits/men/95.jpg
2622,https://randomuser.me/api/portraits/women/89.jpg
2623,https://randomuser.me/api/portraits/men/56.jpg
2624,https://randomuser.me/api/portraits/women/41.jpg
2625,https://randomuser.me/api/portraits/men/26.jpg
2626,https://randomuser.me/api/portraits/women/41.jpg
2627,https://randomuser.me/api/portraits/men/39.jpg
2628,https://randomuser.me/api/portraits/men/7.jpg
2629,https://randomuser.me/api/portraits/women/72.jpg
2630,https://randomuser.me/api/portraits/men/97.jpg
2631,https://randomuser.me/api/portraits/men/12.jpg
2632,https://randomuser.me/api/portraits/women/13.jpg
2633,https://randomuser.me/api/portraits/men/91.jpg
2634,https://randomuser.me/api/portraits/men/9.jpg
2635,https://randomuser.me/api/portraits/men/63.jpg
2636,https://randomuser.me/api/portraits/women/23.jpg
2637,https://randomuser.me/api/portraits/women/62.jpg
2638,https://randomuser.me/api/portraits/women/26.jpg
2639,https://randomuser.me/api/portraits/men/18.jpg
2640,https://randomuser.me/api/portraits/women/48.jpg
2641,https://randomuser.me/api/portraits/women/90.jpg
2642,https://randomuser.me/api/portraits/men/83.jpg
2643,https://randomuser.me/api/portraits/men/72.jpg
2644,https://randomuser.me/api/portraits/women/89.jpg
2645,https://randomuser.me/api/portraits/women/34.jpg
2646,https://randomuser.me/api/portraits/men/16.jpg
2647,https://randomuser.me/api/portraits/men/86.jpg
2648,https://randomuser.me/api/portraits/women/5.jpg
2649,https://randomuser.me/api/portraits/men/64.jpg
2650,https://randomuser.me/api/portraits/men/95.jpg
2651,https://randomuser.me/api/portraits/men/2.jpg
2652,https://randomuser.me/api/portraits/women/76.jpg
2653,https://randomuser.me/api/portraits/women/35.jpg
2654,https://randomuser.me/api/portraits/women/23.jpg
2655,https://randomuser.me/api/portraits/men/14.jpg
2656,https://randomuser.me/api/portraits/women/51.jpg
2657,https://randomuser.me/api/portraits/men/26.jpg
2658,https://randomuser.me/api/portraits/men/2.jpg
2659,https://randomuser.me/api/portraits/men/39.jpg
2660,https://randomuser.me/api/portraits/women/8.jpg
2661,https://randomuser.me/api/portraits/men/12.jpg
2662,https://randomuser.me/api/portraits/men/45.jpg
2663,https://randomuser.me/api/portraits/women/10.jpg
2664,https://randomuser.me/api/portraits/women/8.jpg
2665,https://randomuser.me/api/portraits/women/96.jpg
2666,https://randomuser.me/api/portraits/men/1.jpg
2667,https://randomuser.me/api/portraits/men/6.jpg
2668,https://randomuser.me/api/portraits/men/26.jpg
2669,https://randomuser.me/api/portraits/men/13.jpg
2670,https://randomuser.me/api/portraits/women/1.jpg
2671,https://randomuser.me/api/portraits/women/10.jpg
2672,https://randomuser.me/api/portraits/women/1.jpg
2673,https://randomuser.me/api/portraits/women/26.jpg
2674,https://randomuser.me/api/portraits/women/36.jpg
2675,https://randomuser.me/api/portraits/men/78.jpg
2676,https://randomuser.me/api/portraits/men/69.jpg
2677,https://randomuser.me/api/portraits/men/98.jpg
2678,https://randomuser.me/api/portraits/women/78.jpg
2679,https://randomuser.me/api/portraits/men/48.jpg
2680,https://randomuser.me/api/portraits/women/41.jpg
2681,https://randomuser.me/api/portraits/men/48.jpg
2682,https://randomuser.me/api/portraits/women/21.jpg
2683,https://randomuser.me/api/portraits/women/9.jpg
2684,https://randomuser.me/api/portraits/women/76.jpg
2685,https://randomuser.me/api/portraits/men/78.jpg
2686,https://randomuser.me/api/portraits/men/86.jpg
2687,https://randomuser.me/api/portraits/women/68.jpg
2688,https://randomuser.me/api/portraits/men/78.jpg
2689,https://randomuser.me/api/portraits/men/85.jpg
2690,https://randomuser.me/api/portraits/women/27.jpg
2691,https://randomuser.me/api/portraits/men/94.jpg
2692,https://randomuser.me/api/portraits/men/23.jpg
2693,https://randomuser.me/api/portraits/women/35.jpg
2694,https://randomuser.me/api/portraits/men/83.jpg
2695,https://randomuser.me/api/portraits/men/46.jpg
2696,https://randomuser.me/api/portraits/women/10.jpg
2697,https://randomuser.me/api/portraits/women/39.jpg
2698,https://randomuser.me/api/portraits/men/43.jpg
2699,https://randomuser.me/api/portraits/women/3.jpg
2700,https://randomuser.me/api/portraits/women/64.jpg
2701,https://randomuser.me/api/portraits/women/1.jpg
2702,https://randomuser.me/api/portraits/women/86.jpg
2703,https://randomuser.me/api/portraits/men/73.jpg
2704,https://randomuser.me/api/portraits/women/12.jpg
2705,https://randomuser.me/api/portraits/women/47.jpg
2706,https://randomuser.me/api/portraits/women/7.jpg
2707,https://randomuser.me/api/portraits/women/90.jpg
2708,https://randomuser.me/api/portraits/women/68.jpg
2709,https://randomuser.me/api/portraits/men/63.jpg
2710,https://randomuser.me/api/portraits/women/86.jpg
2711,https://randomuser.me/api/portraits/men/28.jpg
2712,https://randomuser.me/api/portraits/women/91.jpg
2713,https://randomuser.me/api/portraits/men/96.jpg
2714,https://randomuser.me/api/portraits/women/94.jpg
2715,https://randomuser.me/api/portraits/men/40.jpg
2716,https://randomuser.me/api/portraits/women/92.jpg
2717,https://randomuser.me/api/portraits/women/67.jpg
2718,https://randomuser.me/api/portraits/women/75.jpg
2719,https://randomuser.me/api/portraits/men/96.jpg
2720,https://randomuser.me/api/portraits/men/39.jpg
2721,https://randomuser.me/api/portraits/men/23.jpg
2722,https://randomuser.me/api/portraits/women/20.jpg
2723,https://randomuser.me/api/portraits/men/9.jpg
2724,https://randomuser.me/api/portraits/men/38.jpg
2725,https://randomuser.me/api/portraits/women/63.jpg
2726,https://randomuser.me/api/portraits/women/50.jpg
2727,https://randomuser.me/api/portraits/men/93.jpg
2728,https://randomuser.me/api/portraits/women/33.jpg
2729,https://randomuser.me/api/portraits/men/83.jpg
2730,https://randomuser.me/api/portraits/women/87.jpg
2731,https://randomuser.me/api/portraits/men/37.jpg
2732,https://randomuser.me/api/portraits/women/51.jpg
2733,https://randomuser.me/api/portraits/men/93.jpg
2734,https://randomuser.me/api/portraits/men/69.jpg
2735,https://randomuser.me/api/portraits/men/62.jpg
2736,https://randomuser.me/api/portraits/women/60.jpg
2737,https://randomuser.me/api/portraits/men/75.jpg
2738,https://randomuser.me/api/portraits/men/32.jpg
2739,https://randomuser.me/api/portraits/women/83.jpg
2740,https://randomuser.me/api/portraits/women/27.jpg
2741,https://randomuser.me/api/portraits/men/87.jpg
2742,https://randomuser.me/api/portraits/men/57.jpg
2743,https://randomuser.me/api/portraits/men/83.jpg
2744,https://randomuser.me/api/portraits/men/47.jpg
2745,https://randomuser.me/api/portraits/men/7.jpg
2746,https://randomuser.me/api/portraits/women/93.jpg
2747,https://randomuser.me/api/portraits/women/29.jpg
2748,https://randomuser.me/api/portraits/women/50.jpg
2749,https://randomuser.me/api/portraits/women/62.jpg
2750,https://randomuser.me/api/portraits/women/58.jpg
2751,https://randomuser.me/api/portraits/men/26.jpg
2752,https://randomuser.me/api/portraits/women/23.jpg
2753,https://randomuser.me/api/portraits/men/45.jpg
2754,https://randomuser.me/api/portraits/women/46.jpg
2755,https://randomuser.me/api/portraits/women/23.jpg
2756,https://randomuser.me/api/portraits/men/30.jpg
2757,https://randomuser.me/api/portraits/men/43.jpg
2758,https://randomuser.me/api/portraits/women/33.jpg
2759,https://randomuser.me/api/portraits/women/65.jpg
2760,https://randomuser.me/api/portraits/men/52.jpg
2761,https://randomuser.me/api/portraits/women/37.jpg
2762,https://randomuser.me/api/portraits/men/68.jpg
2763,https://randomuser.me/api/portraits/men/17.jpg
2764,https://randomuser.me/api/portraits/men/40.jpg
2765,https://randomuser.me/api/portraits/women/76.jpg
2766,https://randomuser.me/api/portraits/women/81.jpg
2767,https://randomuser.me/api/portraits/women/24.jpg
2768,https://randomuser.me/api/portraits/men/17.jpg
2769,https://randomuser.me/api/portraits/women/70.jpg
2770,https://randomuser.me/api/portraits/men/48.jpg
2771,https://randomuser.me/api/portraits/women/65.jpg
2772,https://randomuser.me/api/portraits/women/9.jpg
2773,https://randomuser.me/api/portraits/men/20.jpg
2774,https://randomuser.me/api/portraits/men/9.jpg
2775,https://randomuser.me/api/portraits/men/40.jpg
2776,https://randomuser.me/api/portraits/men/72.jpg
2777,https://randomuser.me/api/portraits/women/40.jpg
2778,https://randomuser.me/api/portraits/men/64.jpg
2779,https://randomuser.me/api/portraits/men/93.jpg
2780,https://randomuser.me/api/portraits/women/82.jpg
2781,https://randomuser.me/api/portraits/men/91.jpg
2782,https://randomuser.me/api/portraits/women/46.jpg
2783,https://randomuser.me/api/portraits/men/94.jpg
2784,https://randomuser.me/api/portraits/women/79.jpg
2785,https://randomuser.me/api/portraits/women/38.jpg
2786,https://randomuser.me/api/portraits/women/21.jpg
2787,https://randomuser.me/api/portraits/men/96.jpg
2788,https://randomuser.me/api/portraits/men/24.jpg
2789,https://randomuser.me/api/portraits/women/7.jpg
2790,https://randomuser.me/api/portraits/women/40.jpg
2791,https://randomuser.me/api/portraits/men/78.jpg
2792,https://randomuser.me/api/portraits/men/99.jpg
2793,https://randomuser.me/api/portraits/men/4.jpg
2794,https://randomuser.me/api/portraits/men/92.jpg
2795,https://randomuser.me/api/portraits/men/79.jpg
2796,https://randomuser.me/api/portraits/women/2.jpg
2797,https://randomuser.me/api/portraits/women/54.jpg
2798,https://randomuser.me/api/portraits/men/69.jpg
2799,https://randomuser.me/api/portraits/women/91.jpg
2800,https://randomuser.me/api/portraits/women/45.jpg
